ymdh,rf
2020010101,0
2020010102,0
2020010103,0
2020010104,0
2020010105,0
2020010106,0
2020010107,0
2020010108,0
2020010109,0
2020010110,0
2020010111,0
2020010112,0
2020010113,0
2020010114,0
2020010115,0
2020010116,0
2020010117,0
2020010118,0
2020010119,0
2020010120,0
2020010121,0
2020010122,0
2020010123,0
2020010124,0
2020010201,0
2020010202,0
2020010203,0
2020010204,0
2020010205,0
2020010206,0
2020010207,0
2020010208,0
2020010209,0
2020010210,0
2020010211,0
2020010212,0
2020010213,0
2020010214,0
2020010215,0
2020010216,0
2020010217,0
2020010218,0
2020010219,0
2020010220,0
2020010221,0
2020010222,0
2020010223,0
2020010224,0
2020010301,0
2020010302,0
2020010303,0
2020010304,0
2020010305,0
2020010306,0
2020010307,0
2020010308,0
2020010309,0
2020010310,0
2020010311,0
2020010312,0
2020010313,0
2020010314,0
2020010315,0
2020010316,0
2020010317,0
2020010318,0
2020010319,0
2020010320,0
2020010321,0
2020010322,0
2020010323,0
2020010324,0
2020010401,0
2020010402,0
2020010403,0
2020010404,0
2020010405,0
2020010406,0
2020010407,0
2020010408,0
2020010409,0
2020010410,0
2020010411,0
2020010412,0
2020010413,0
2020010414,0
2020010415,0
2020010416,0
2020010417,0
2020010418,0
2020010419,0
2020010420,0
2020010421,0
2020010422,0
2020010423,0
2020010424,0
2020010501,0
2020010502,0
2020010503,0
2020010504,0
2020010505,0
2020010506,0
2020010507,0
2020010508,0
2020010509,0
2020010510,0
2020010511,0
2020010512,0
2020010513,0
2020010514,0
2020010515,0
2020010516,0
2020010517,0
2020010518,0
2020010519,0
2020010520,0
2020010521,0
2020010522,0
2020010523,0
2020010524,0
2020010601,0
2020010602,0
2020010603,0
2020010604,0
2020010605,0
2020010606,0
2020010607,0
2020010608,0
2020010609,0
2020010610,0
2020010611,1
2020010612,0
2020010613,1
2020010614,2
2020010615,1
2020010616,0
2020010617,1
2020010618,1
2020010619,1
2020010620,0
2020010621,1
2020010622,0
2020010623,0
2020010624,1
2020010701,1
2020010702,2
2020010703,2
2020010704,2
2020010705,1
2020010706,1
2020010707,0
2020010708,0
2020010709,0
2020010710,0
2020010711,0
2020010712,0
2020010713,1
2020010714,0
2020010715,0
2020010716,2
2020010717,1
2020010718,0
2020010719,0
2020010720,1
2020010721,1
2020010722,4
2020010723,0
2020010724,0
2020010801,0
2020010802,0
2020010803,0
2020010804,0
2020010805,0
2020010806,0
2020010807,0
2020010808,0
2020010809,0
2020010810,0
2020010811,0
2020010812,0
2020010813,0
2020010814,0
2020010815,0
2020010816,0
2020010817,0
2020010818,0
2020010819,0
2020010820,0
2020010821,0
2020010822,0
2020010823,0
2020010824,0
2020010901,0
2020010902,0
2020010903,0
2020010904,0
2020010905,0
2020010906,0
2020010907,0
2020010908,0
2020010909,0
2020010910,0
2020010911,0
2020010912,0
2020010913,0
2020010914,0
2020010915,0
2020010916,0
2020010917,0
2020010918,0
2020010919,0
2020010920,0
2020010921,0
2020010922,0
2020010923,0
2020010924,0
2020011001,0
2020011002,0
2020011003,0
2020011004,0
2020011005,0
2020011006,0
2020011007,0
2020011008,0
2020011009,0
2020011010,0
2020011011,0
2020011012,0
2020011013,0
2020011014,0
2020011015,0
2020011016,0
2020011017,0
2020011018,0
2020011019,0
2020011020,0
2020011021,0
2020011022,0
2020011023,0
2020011024,0
2020011101,0
2020011102,0
2020011103,0
2020011104,0
2020011105,0
2020011106,0
2020011107,0
2020011108,0
2020011109,0
2020011110,0
2020011111,0
2020011112,0
2020011113,0
2020011114,0
2020011115,0
2020011116,0
2020011117,0
2020011118,0
2020011119,0
2020011120,0
2020011121,0
2020011122,0
2020011123,0
2020011124,0
2020011201,0
2020011202,0
2020011203,0
2020011204,0
2020011205,0
2020011206,0
2020011207,0
2020011208,0
2020011209,0
2020011210,0
2020011211,0
2020011212,0
2020011213,0
2020011214,0
2020011215,0
2020011216,0
2020011217,0
2020011218,0
2020011219,0
2020011220,0
2020011221,0
2020011222,0
2020011223,0
2020011224,0
2020011301,0
2020011302,0
2020011303,0
2020011304,0
2020011305,0
2020011306,0
2020011307,0
2020011308,0
2020011309,0
2020011310,0
2020011311,0
2020011312,0
2020011313,0
2020011314,0
2020011315,0
2020011316,0
2020011317,0
2020011318,0
2020011319,0
2020011320,0
2020011321,0
2020011322,0
2020011323,0
2020011324,0
2020011401,0
2020011402,0
2020011403,0
2020011404,0
2020011405,0
2020011406,0
2020011407,0
2020011408,0
2020011409,0
2020011410,0
2020011411,0
2020011412,0
2020011413,0
2020011414,0
2020011415,0
2020011416,0
2020011417,0
2020011418,0
2020011419,0
2020011420,0
2020011421,0
2020011422,0
2020011423,0
2020011424,0
2020011501,0
2020011502,0
2020011503,0
2020011504,0
2020011505,0
2020011506,0
2020011507,0
2020011508,0
2020011509,0
2020011510,0
2020011511,0
2020011512,0
2020011513,0
2020011514,0
2020011515,0
2020011516,0
2020011517,0
2020011518,0
2020011519,0
2020011520,0
2020011521,0
2020011522,0
2020011523,0
2020011524,0
2020011601,0
2020011602,0
2020011603,0
2020011604,0
2020011605,0
2020011606,0
2020011607,0
2020011608,0
2020011609,0
2020011610,0
2020011611,0
2020011612,0
2020011613,0
2020011614,0
2020011615,0
2020011616,0
2020011617,0
2020011618,0
2020011619,0
2020011620,0
2020011621,0
2020011622,0
2020011623,0
2020011624,0
2020011701,0
2020011702,0
2020011703,0
2020011704,0
2020011705,0
2020011706,0
2020011707,0
2020011708,0
2020011709,0
2020011710,0
2020011711,0
2020011712,0
2020011713,0
2020011714,0
2020011715,0
2020011716,0
2020011717,0
2020011718,0
2020011719,0
2020011720,0
2020011721,0
2020011722,0
2020011723,0
2020011724,0
2020011801,0
2020011802,0
2020011803,0
2020011804,0
2020011805,0
2020011806,0
2020011807,0
2020011808,0
2020011809,0
2020011810,0
2020011811,0
2020011812,0
2020011813,0
2020011814,0
2020011815,0
2020011816,0
2020011817,0
2020011818,0
2020011819,0
2020011820,0
2020011821,0
2020011822,0
2020011823,0
2020011824,0
2020011901,0
2020011902,0
2020011903,0
2020011904,0
2020011905,0
2020011906,0
2020011907,0
2020011908,0
2020011909,0
2020011910,0
2020011911,0
2020011912,0
2020011913,0
2020011914,0
2020011915,0
2020011916,0
2020011917,0
2020011918,0
2020011919,0
2020011920,0
2020011921,0
2020011922,0
2020011923,0
2020011924,0
2020012001,0
2020012002,0
2020012003,0
2020012004,0
2020012005,0
2020012006,0
2020012007,0
2020012008,0
2020012009,0
2020012010,0
2020012011,0
2020012012,0
2020012013,0
2020012014,0
2020012015,0
2020012016,0
2020012017,0
2020012018,0
2020012019,0
2020012020,0
2020012021,0
2020012022,0
2020012023,0
2020012024,0
2020012101,0
2020012102,0
2020012103,0
2020012104,0
2020012105,0
2020012106,0
2020012107,0
2020012108,0
2020012109,0
2020012110,0
2020012111,0
2020012112,0
2020012113,0
2020012114,0
2020012115,0
2020012116,0
2020012117,0
2020012118,0
2020012119,0
2020012120,0
2020012121,0
2020012122,0
2020012123,0
2020012124,0
2020012201,0
2020012202,0
2020012203,0
2020012204,0
2020012205,0
2020012206,0
2020012207,0
2020012208,0
2020012209,0
2020012210,0
2020012211,0
2020012212,0
2020012213,0
2020012214,0
2020012215,0
2020012216,1
2020012217,0
2020012218,1
2020012219,0
2020012220,1
2020012221,1
2020012222,2
2020012223,2
2020012224,2
2020012301,1
2020012302,0
2020012303,0
2020012304,0
2020012305,0
2020012306,1
2020012307,0
2020012308,0
2020012309,0
2020012310,0
2020012311,0
2020012312,0
2020012313,1
2020012314,0
2020012315,0
2020012316,0
2020012317,0
2020012318,0
2020012319,0
2020012320,0
2020012321,0
2020012322,0
2020012323,0
2020012324,0
2020012401,0
2020012402,0
2020012403,0
2020012404,0
2020012405,0
2020012406,0
2020012407,0
2020012408,0
2020012409,0
2020012410,0
2020012411,0
2020012412,0
2020012413,0
2020012414,0
2020012415,0
2020012416,0
2020012417,0
2020012418,0
2020012419,0
2020012420,0
2020012421,0
2020012422,0
2020012423,0
2020012424,0
2020012501,0
2020012502,0
2020012503,0
2020012504,0
2020012505,0
2020012506,0
2020012507,0
2020012508,0
2020012509,0
2020012510,0
2020012511,0
2020012512,0
2020012513,0
2020012514,0
2020012515,0
2020012516,0
2020012517,0
2020012518,0
2020012519,0
2020012520,0
2020012521,0
2020012522,0
2020012523,0
2020012524,0
2020012601,0
2020012602,0
2020012603,0
2020012604,0
2020012605,0
2020012606,0
2020012607,0
2020012608,0
2020012609,0
2020012610,0
2020012611,0
2020012612,0
2020012613,0
2020012614,0
2020012615,0
2020012616,0
2020012617,0
2020012618,0
2020012619,0
2020012620,0
2020012621,0
2020012622,0
2020012623,0
2020012624,0
2020012701,0
2020012702,0
2020012703,0
2020012704,0
2020012705,1
2020012706,1
2020012707,0
2020012708,0
2020012709,0
2020012710,0
2020012711,1
2020012712,1
2020012713,4
2020012714,1
2020012715,1
2020012716,2
2020012717,2
2020012718,0
2020012719,1
2020012720,0
2020012721,1
2020012722,0
2020012723,0
2020012724,0
2020012801,0
2020012802,0
2020012803,0
2020012804,0
2020012805,0
2020012806,0
2020012807,0
2020012808,0
2020012809,0
2020012810,0
2020012811,0
2020012812,0
2020012813,0
2020012814,0
2020012815,0
2020012816,0
2020012817,0
2020012818,0
2020012819,0
2020012820,0
2020012821,0
2020012822,0
2020012823,0
2020012824,0
2020012901,0
2020012902,0
2020012903,0
2020012904,0
2020012905,0
2020012906,0
2020012907,0
2020012908,0
2020012909,0
2020012910,0
2020012911,0
2020012912,0
2020012913,0
2020012914,0
2020012915,0
2020012916,0
2020012917,0
2020012918,0
2020012919,0
2020012920,0
2020012921,0
2020012922,0
2020012923,0
2020012924,0
2020013001,0
2020013002,0
2020013003,0
2020013004,0
2020013005,0
2020013006,0
2020013007,0
2020013008,0
2020013009,0
2020013010,0
2020013011,0
2020013012,0
2020013013,0
2020013014,0
2020013015,0
2020013016,0
2020013017,0
2020013018,0
2020013019,0
2020013020,0
2020013021,0
2020013022,0
2020013023,0
2020013024,0
2020013101,0
2020013102,0
2020013103,0
2020013104,0
2020013105,0
2020013106,0
2020013107,0
2020013108,0
2020013109,0
2020013110,0
2020013111,0
2020013112,0
2020013113,0
2020013114,0
2020013115,0
2020013116,0
2020013117,0
2020013118,0
2020013119,0
2020013120,0
2020013121,0
2020013122,0
2020013123,0
2020013124,0
2020020101,0
2020020102,0
2020020103,0
2020020104,0
2020020105,0
2020020106,0
2020020107,0
2020020108,0
2020020109,0
2020020110,0
2020020111,0
2020020112,0
2020020113,0
2020020114,0
2020020115,0
2020020116,0
2020020117,0
2020020118,0
2020020119,0
2020020120,0
2020020121,0
2020020122,0
2020020123,0
2020020124,0
2020020201,0
2020020202,0
2020020203,0
2020020204,0
2020020205,0
2020020206,0
2020020207,0
2020020208,0
2020020209,0
2020020210,0
2020020211,0
2020020212,0
2020020213,0
2020020214,0
2020020215,0
2020020216,0
2020020217,0
2020020218,0
2020020219,0
2020020220,0
2020020221,0
2020020222,0
2020020223,0
2020020224,0
2020020301,0
2020020302,0
2020020303,0
2020020304,0
2020020305,0
2020020306,0
2020020307,0
2020020308,0
2020020309,0
2020020310,0
2020020311,0
2020020312,0
2020020313,0
2020020314,0
2020020315,0
2020020316,0
2020020317,0
2020020318,0
2020020319,0
2020020320,0
2020020321,0
2020020322,0
2020020323,0
2020020324,0
2020020401,0
2020020402,0
2020020403,0
2020020404,0
2020020405,0
2020020406,0
2020020407,0
2020020408,0
2020020409,0
2020020410,0
2020020411,0
2020020412,0
2020020413,0
2020020414,0
2020020415,0
2020020416,0
2020020417,0
2020020418,0
2020020419,0
2020020420,0
2020020421,0
2020020422,0
2020020423,0
2020020424,0
2020020501,0
2020020502,0
2020020503,0
2020020504,0
2020020505,0
2020020506,0
2020020507,0
2020020508,0
2020020509,0
2020020510,0
2020020511,0
2020020512,0
2020020513,0
2020020514,0
2020020515,0
2020020516,0
2020020517,0
2020020518,0
2020020519,0
2020020520,0
2020020521,0
2020020522,0
2020020523,0
2020020524,0
2020020601,0
2020020602,0
2020020603,0
2020020604,0
2020020605,0
2020020606,0
2020020607,0
2020020608,0
2020020609,0
2020020610,0
2020020611,0
2020020612,0
2020020613,0
2020020614,0
2020020615,0
2020020616,0
2020020617,0
2020020618,0
2020020619,0
2020020620,0
2020020621,0
2020020622,0
2020020623,0
2020020624,0
2020020701,0
2020020702,0
2020020703,0
2020020704,0
2020020705,0
2020020706,0
2020020707,0
2020020708,0
2020020709,0
2020020710,0
2020020711,0
2020020712,0
2020020713,0
2020020714,0
2020020715,0
2020020716,0
2020020717,0
2020020718,0
2020020719,0
2020020720,0
2020020721,0
2020020722,0
2020020723,0
2020020724,0
2020020801,0
2020020802,0
2020020803,0
2020020804,0
2020020805,0
2020020806,0
2020020807,0
2020020808,0
2020020809,0
2020020810,0
2020020811,0
2020020812,0
2020020813,0
2020020814,0
2020020815,0
2020020816,0
2020020817,0
2020020818,0
2020020819,0
2020020820,0
2020020821,0
2020020822,0
2020020823,0
2020020824,0
2020020901,0
2020020902,0
2020020903,0
2020020904,0
2020020905,0
2020020906,0
2020020907,0
2020020908,0
2020020909,0
2020020910,0
2020020911,0
2020020912,0
2020020913,0
2020020914,0
2020020915,0
2020020916,0
2020020917,0
2020020918,0
2020020919,0
2020020920,0
2020020921,0
2020020922,0
2020020923,0
2020020924,0
2020021001,0
2020021002,0
2020021003,0
2020021004,0
2020021005,0
2020021006,0
2020021007,0
2020021008,0
2020021009,0
2020021010,0
2020021011,0
2020021012,0
2020021013,0
2020021014,0
2020021015,0
2020021016,0
2020021017,0
2020021018,0
2020021019,0
2020021020,0
2020021021,0
2020021022,0
2020021023,0
2020021024,0
2020021101,0
2020021102,0
2020021103,0
2020021104,0
2020021105,0
2020021106,0
2020021107,0
2020021108,0
2020021109,0
2020021110,0
2020021111,0
2020021112,0
2020021113,0
2020021114,0
2020021115,0
2020021116,0
2020021117,0
2020021118,0
2020021119,0
2020021120,0
2020021121,0
2020021122,0
2020021123,0
2020021124,0
2020021201,0
2020021202,0
2020021203,0
2020021204,0
2020021205,0
2020021206,1
2020021207,0
2020021208,1
2020021209,0
2020021210,2
2020021211,2
2020021212,2
2020021213,4
2020021214,1
2020021215,1
2020021216,0
2020021217,0
2020021218,0
2020021219,0
2020021220,0
2020021221,0
2020021222,0
2020021223,0
2020021224,0
2020021301,0
2020021302,0
2020021303,0
2020021304,0
2020021305,0
2020021306,0
2020021307,0
2020021308,0
2020021309,0
2020021310,0
2020021311,0
2020021312,0
2020021313,0
2020021314,0
2020021315,0
2020021316,0
2020021317,0
2020021318,0
2020021319,0
2020021320,0
2020021321,0
2020021322,0
2020021323,0
2020021324,0
2020021401,0
2020021402,0
2020021403,0
2020021404,0
2020021405,0
2020021406,0
2020021407,0
2020021408,0
2020021409,0
2020021410,0
2020021411,0
2020021412,0
2020021413,0
2020021414,0
2020021415,0
2020021416,0
2020021417,0
2020021418,0
2020021419,0
2020021420,0
2020021421,0
2020021422,0
2020021423,0
2020021424,0
2020021501,0
2020021502,0
2020021503,0
2020021504,0
2020021505,0
2020021506,0
2020021507,0
2020021508,0
2020021509,0
2020021510,0
2020021511,0
2020021512,0
2020021513,0
2020021514,0
2020021515,0
2020021516,0
2020021517,0
2020021518,0
2020021519,0
2020021520,0
2020021521,0
2020021522,0
2020021523,0
2020021524,0
2020021601,0
2020021602,0
2020021603,0
2020021604,0
2020021605,3
2020021606,1
2020021607,0
2020021608,0
2020021609,0
2020021610,0
2020021611,0
2020021612,0
2020021613,0
2020021614,0
2020021615,0
2020021616,0
2020021617,0
2020021618,0
2020021619,0
2020021620,0
2020021621,0
2020021622,0
2020021623,0
2020021624,0
2020021701,0
2020021702,0
2020021703,0
2020021704,0
2020021705,0
2020021706,0
2020021707,0
2020021708,0
2020021709,0
2020021710,0
2020021711,0
2020021712,0
2020021713,0
2020021714,0
2020021715,0
2020021716,0
2020021717,0
2020021718,0
2020021719,0
2020021720,0
2020021721,0
2020021722,0
2020021723,0
2020021724,0
2020021801,0
2020021802,0
2020021803,0
2020021804,0
2020021805,0
2020021806,0
2020021807,0
2020021808,0
2020021809,0
2020021810,0
2020021811,0
2020021812,0
2020021813,0
2020021814,0
2020021815,0
2020021816,0
2020021817,0
2020021818,0
2020021819,0
2020021820,0
2020021821,0
2020021822,0
2020021823,0
2020021824,0
2020021901,0
2020021902,0
2020021903,0
2020021904,0
2020021905,0
2020021906,0
2020021907,0
2020021908,0
2020021909,0
2020021910,0
2020021911,0
2020021912,0
2020021913,0
2020021914,0
2020021915,0
2020021916,0
2020021917,0
2020021918,0
2020021919,0
2020021920,0
2020021921,0
2020021922,0
2020021923,0
2020021924,0
2020022001,0
2020022002,0
2020022003,0
2020022004,0
2020022005,0
2020022006,0
2020022007,0
2020022008,0
2020022009,0
2020022010,0
2020022011,0
2020022012,0
2020022013,0
2020022014,0
2020022015,0
2020022016,0
2020022017,0
2020022018,0
2020022019,0
2020022020,0
2020022021,0
2020022022,0
2020022023,0
2020022024,0
2020022101,0
2020022102,0
2020022103,0
2020022104,0
2020022105,0
2020022106,0
2020022107,0
2020022108,0
2020022109,0
2020022110,0
2020022111,0
2020022112,0
2020022113,0
2020022114,0
2020022115,0
2020022116,0
2020022117,0
2020022118,0
2020022119,0
2020022120,0
2020022121,0
2020022122,0
2020022123,2
2020022124,0
2020022201,0
2020022202,1
2020022203,0
2020022204,0
2020022205,0
2020022206,0
2020022207,0
2020022208,0
2020022209,0
2020022210,0
2020022211,0
2020022212,0
2020022213,0
2020022214,0
2020022215,0
2020022216,0
2020022217,0
2020022218,0
2020022219,0
2020022220,0
2020022221,0
2020022222,0
2020022223,0
2020022224,0
2020022301,0
2020022302,0
2020022303,0
2020022304,0
2020022305,0
2020022306,0
2020022307,0
2020022308,0
2020022309,0
2020022310,0
2020022311,0
2020022312,0
2020022313,0
2020022314,0
2020022315,0
2020022316,0
2020022317,0
2020022318,0
2020022319,0
2020022320,0
2020022321,0
2020022322,0
2020022323,0
2020022324,0
2020022401,0
2020022402,0
2020022403,0
2020022404,0
2020022405,0
2020022406,0
2020022407,0
2020022408,0
2020022409,0
2020022410,0
2020022411,0
2020022412,0
2020022413,0
2020022414,0
2020022415,0
2020022416,0
2020022417,0
2020022418,0
2020022419,0
2020022420,0
2020022421,0
2020022422,0
2020022423,0
2020022424,0
2020022501,0
2020022502,0
2020022503,0
2020022504,1
2020022505,0
2020022506,2
2020022507,1
2020022508,2
2020022509,2
2020022510,3
2020022511,4
2020022512,2
2020022513,1
2020022514,1
2020022515,4
2020022516,0
2020022517,0
2020022518,3
2020022519,1
2020022520,0
2020022521,0
2020022522,0
2020022523,0
2020022524,0
2020022601,0
2020022602,0
2020022603,0
2020022604,0
2020022605,0
2020022606,0
2020022607,0
2020022608,0
2020022609,0
2020022610,0
2020022611,0
2020022612,0
2020022613,0
2020022614,0
2020022615,0
2020022616,0
2020022617,0
2020022618,0
2020022619,1
2020022620,0
2020022621,0
2020022622,4
2020022623,5
2020022624,2
2020022701,1
2020022702,0
2020022703,0
2020022704,0
2020022705,0
2020022706,0
2020022707,0
2020022708,0
2020022709,0
2020022710,0
2020022711,0
2020022712,0
2020022713,0
2020022714,0
2020022715,0
2020022716,0
2020022717,0
2020022718,0
2020022719,0
2020022720,0
2020022721,0
2020022722,0
2020022723,0
2020022724,0
2020022801,0
2020022802,0
2020022803,0
2020022804,0
2020022805,0
2020022806,0
2020022807,0
2020022808,0
2020022809,0
2020022810,0
2020022811,0
2020022812,0
2020022813,0
2020022814,1
2020022815,0
2020022816,0
2020022817,0
2020022818,0
2020022819,0
2020022820,0
2020022821,0
2020022822,0
2020022823,0
2020022824,0
2020022901,0
2020022902,0
2020022903,0
2020022904,0
2020022905,0
2020022906,0
2020022907,0
2020022908,0
2020022909,0
2020022910,0
2020022911,0
2020022912,0
2020022913,0
2020022914,0
2020022915,0
2020022916,0
2020022917,0
2020022918,0
2020022919,0
2020022920,0
2020022921,0
2020022922,0
2020022923,0
2020022924,0
2020030101,0
2020030102,0
2020030103,0
2020030104,0
2020030105,0
2020030106,0
2020030107,0
2020030108,0
2020030109,0
2020030110,0
2020030111,0
2020030112,0
2020030113,0
2020030114,0
2020030115,0
2020030116,0
2020030117,0
2020030118,0
2020030119,0
2020030120,0
2020030121,0
2020030122,0
2020030123,0
2020030124,0
2020030201,0
2020030202,0
2020030203,0
2020030204,0
2020030205,0
2020030206,0
2020030207,0
2020030208,0
2020030209,0
2020030210,0
2020030211,0
2020030212,0
2020030213,0
2020030214,0
2020030215,0
2020030216,0
2020030217,0
2020030218,0
2020030219,0
2020030220,0
2020030221,0
2020030222,0
2020030223,0
2020030224,0
2020030301,0
2020030302,0
2020030303,0
2020030304,0
2020030305,0
2020030306,0
2020030307,0
2020030308,0
2020030309,0
2020030310,0
2020030311,0
2020030312,0
2020030313,0
2020030314,0
2020030315,0
2020030316,0
2020030317,0
2020030318,0
2020030319,0
2020030320,0
2020030321,0
2020030322,0
2020030323,0
2020030324,0
2020030401,0
2020030402,0
2020030403,0
2020030404,0
2020030405,0
2020030406,0
2020030407,0
2020030408,0
2020030409,0
2020030410,0
2020030411,0
2020030412,0
2020030413,0
2020030414,0
2020030415,0
2020030416,0
2020030417,0
2020030418,0
2020030419,0
2020030420,0
2020030421,0
2020030422,0
2020030423,0
2020030424,0
2020030501,0
2020030502,0
2020030503,0
2020030504,0
2020030505,0
2020030506,0
2020030507,0
2020030508,0
2020030509,0
2020030510,0
2020030511,0
2020030512,0
2020030513,0
2020030514,0
2020030515,0
2020030516,0
2020030517,0
2020030518,0
2020030519,0
2020030520,0
2020030521,0
2020030522,0
2020030523,0
2020030524,0
2020030601,0
2020030602,0
2020030603,0
2020030604,0
2020030605,0
2020030606,0
2020030607,0
2020030608,0
2020030609,0
2020030610,0
2020030611,0
2020030612,0
2020030613,0
2020030614,0
2020030615,0
2020030616,0
2020030617,0
2020030618,0
2020030619,0
2020030620,0
2020030621,0
2020030622,0
2020030623,0
2020030624,0
2020030701,0
2020030702,0
2020030703,0
2020030704,0
2020030705,0
2020030706,0
2020030707,0
2020030708,0
2020030709,0
2020030710,1
2020030711,0
2020030712,0
2020030713,0
2020030714,0
2020030715,0
2020030716,0
2020030717,0
2020030718,0
2020030719,1
2020030720,0
2020030721,1
2020030722,0
2020030723,0
2020030724,0
2020030801,0
2020030802,0
2020030803,0
2020030804,0
2020030805,0
2020030806,0
2020030807,0
2020030808,0
2020030809,0
2020030810,0
2020030811,0
2020030812,0
2020030813,0
2020030814,0
2020030815,0
2020030816,0
2020030817,0
2020030818,0
2020030819,0
2020030820,0
2020030821,0
2020030822,0
2020030823,0
2020030824,0
2020030901,0
2020030902,0
2020030903,0
2020030904,0
2020030905,0
2020030906,0
2020030907,0
2020030908,0
2020030909,0
2020030910,0
2020030911,0
2020030912,0
2020030913,0
2020030914,0
2020030915,0
2020030916,0
2020030917,0
2020030918,0
2020030919,0
2020030920,0
2020030921,0
2020030922,2
2020030923,2
2020030924,2
2020031001,2
2020031002,1
2020031003,1
2020031004,2
2020031005,1
2020031006,1
2020031007,1
2020031008,0
2020031009,0
2020031010,0
2020031011,0
2020031012,0
2020031013,2
2020031014,0
2020031015,0
2020031016,0
2020031017,0
2020031018,0
2020031019,0
2020031020,0
2020031021,0
2020031022,0
2020031023,0
2020031024,0
2020031101,0
2020031102,0
2020031103,0
2020031104,0
2020031105,0
2020031106,0
2020031107,0
2020031108,0
2020031109,0
2020031110,0
2020031111,0
2020031112,0
2020031113,0
2020031114,0
2020031115,0
2020031116,0
2020031117,0
2020031118,0
2020031119,0
2020031120,0
2020031121,0
2020031122,0
2020031123,0
2020031124,0
2020031201,0
2020031202,0
2020031203,0
2020031204,0
2020031205,0
2020031206,0
2020031207,0
2020031208,0
2020031209,0
2020031210,0
2020031211,0
2020031212,0
2020031213,0
2020031214,0
2020031215,0
2020031216,0
2020031217,0
2020031218,0
2020031219,0
2020031220,0
2020031221,0
2020031222,0
2020031223,0
2020031224,0
2020031301,0
2020031302,0
2020031303,0
2020031304,0
2020031305,0
2020031306,0
2020031307,0
2020031308,0
2020031309,0
2020031310,0
2020031311,0
2020031312,0
2020031313,0
2020031314,0
2020031315,0
2020031316,0
2020031317,0
2020031318,0
2020031319,0
2020031320,0
2020031321,0
2020031322,0
2020031323,0
2020031324,0
2020031401,0
2020031402,0
2020031403,0
2020031404,0
2020031405,0
2020031406,0
2020031407,0
2020031408,0
2020031409,0
2020031410,0
2020031411,0
2020031412,0
2020031413,0
2020031414,0
2020031415,0
2020031416,0
2020031417,0
2020031418,0
2020031419,0
2020031420,0
2020031421,0
2020031422,0
2020031423,0
2020031424,0
2020031501,0
2020031502,0
2020031503,0
2020031504,0
2020031505,0
2020031506,0
2020031507,0
2020031508,0
2020031509,0
2020031510,0
2020031511,0
2020031512,0
2020031513,0
2020031514,0
2020031515,0
2020031516,0
2020031517,0
2020031518,0
2020031519,0
2020031520,0
2020031521,0
2020031522,0
2020031523,0
2020031524,0
2020031601,0
2020031602,0
2020031603,0
2020031604,0
2020031605,0
2020031606,0
2020031607,0
2020031608,0
2020031609,0
2020031610,0
2020031611,0
2020031612,0
2020031613,0
2020031614,0
2020031615,0
2020031616,0
2020031617,0
2020031618,0
2020031619,0
2020031620,0
2020031621,0
2020031622,0
2020031623,0
2020031624,0
2020031701,0
2020031702,0
2020031703,0
2020031704,0
2020031705,0
2020031706,0
2020031707,0
2020031708,0
2020031709,0
2020031710,0
2020031711,0
2020031712,0
2020031713,0
2020031714,0
2020031715,0
2020031716,0
2020031717,0
2020031718,0
2020031719,0
2020031720,0
2020031721,0
2020031722,0
2020031723,0
2020031724,0
2020031801,0
2020031802,0
2020031803,0
2020031804,0
2020031805,0
2020031806,0
2020031807,0
2020031808,0
2020031809,0
2020031810,0
2020031811,0
2020031812,0
2020031813,0
2020031814,0
2020031815,0
2020031816,0
2020031817,0
2020031818,0
2020031819,0
2020031820,0
2020031821,0
2020031822,0
2020031823,0
2020031824,0
2020031901,0
2020031902,0
2020031903,0
2020031904,0
2020031905,0
2020031906,0
2020031907,0
2020031908,0
2020031909,0
2020031910,0
2020031911,0
2020031912,0
2020031913,0
2020031914,0
2020031915,0
2020031916,0
2020031917,0
2020031918,0
2020031919,0
2020031920,0
2020031921,0
2020031922,0
2020031923,0
2020031924,0
2020032001,0
2020032002,0
2020032003,0
2020032004,0
2020032005,0
2020032006,0
2020032007,0
2020032008,0
2020032009,0
2020032010,0
2020032011,0
2020032012,0
2020032013,0
2020032014,0
2020032015,0
2020032016,0
2020032017,0
2020032018,0
2020032019,0
2020032020,0
2020032021,0
2020032022,0
2020032023,0
2020032024,0
2020032101,0
2020032102,0
2020032103,0
2020032104,0
2020032105,0
2020032106,0
2020032107,0
2020032108,0
2020032109,0
2020032110,0
2020032111,0
2020032112,0
2020032113,0
2020032114,0
2020032115,0
2020032116,0
2020032117,0
2020032118,0
2020032119,0
2020032120,0
2020032121,0
2020032122,0
2020032123,0
2020032124,0
2020032201,0
2020032202,0
2020032203,0
2020032204,0
2020032205,0
2020032206,0
2020032207,0
2020032208,0
2020032209,0
2020032210,0
2020032211,0
2020032212,0
2020032213,0
2020032214,0
2020032215,0
2020032216,0
2020032217,0
2020032218,0
2020032219,0
2020032220,0
2020032221,0
2020032222,0
2020032223,0
2020032224,0
2020032301,0
2020032302,0
2020032303,0
2020032304,0
2020032305,0
2020032306,0
2020032307,0
2020032308,0
2020032309,0
2020032310,0
2020032311,0
2020032312,0
2020032313,0
2020032314,0
2020032315,0
2020032316,0
2020032317,0
2020032318,0
2020032319,0
2020032320,0
2020032321,0
2020032322,0
2020032323,0
2020032324,0
2020032401,0
2020032402,0
2020032403,0
2020032404,0
2020032405,0
2020032406,0
2020032407,0
2020032408,0
2020032409,0
2020032410,0
2020032411,0
2020032412,0
2020032413,0
2020032414,0
2020032415,0
2020032416,0
2020032417,0
2020032418,0
2020032419,0
2020032420,0
2020032421,0
2020032422,0
2020032423,0
2020032424,0
2020032501,0
2020032502,0
2020032503,0
2020032504,0
2020032505,0
2020032506,0
2020032507,0
2020032508,0
2020032509,0
2020032510,0
2020032511,0
2020032512,0
2020032513,0
2020032514,0
2020032515,0
2020032516,0
2020032517,0
2020032518,0
2020032519,0
2020032520,0
2020032521,0
2020032522,0
2020032523,0
2020032524,0
2020032601,0
2020032602,0
2020032603,0
2020032604,0
2020032605,0
2020032606,0
2020032607,0
2020032608,0
2020032609,0
2020032610,0
2020032611,0
2020032612,0
2020032613,1
2020032614,0
2020032615,0
2020032616,0
2020032617,0
2020032618,1
2020032619,0
2020032620,1
2020032621,1
2020032622,1
2020032623,1
2020032624,1
2020032701,1
2020032702,0
2020032703,0
2020032704,0
2020032705,0
2020032706,0
2020032707,0
2020032708,0
2020032709,0
2020032710,0
2020032711,0
2020032712,0
2020032713,0
2020032714,0
2020032715,0
2020032716,0
2020032717,0
2020032718,0
2020032719,0
2020032720,0
2020032721,0
2020032722,0
2020032723,0
2020032724,0
2020032801,0
2020032802,0
2020032803,0
2020032804,0
2020032805,0
2020032806,0
2020032807,0
2020032808,0
2020032809,0
2020032810,0
2020032811,0
2020032812,0
2020032813,0
2020032814,0
2020032815,0
2020032816,0
2020032817,0
2020032818,0
2020032819,0
2020032820,0
2020032821,0
2020032822,0
2020032823,0
2020032824,0
2020032901,0
2020032902,0
2020032903,0
2020032904,0
2020032905,0
2020032906,0
2020032907,0
2020032908,0
2020032909,0
2020032910,0
2020032911,0
2020032912,0
2020032913,0
2020032914,0
2020032915,0
2020032916,0
2020032917,0
2020032918,0
2020032919,0
2020032920,0
2020032921,0
2020032922,0
2020032923,0
2020032924,0
2020033001,0
2020033002,0
2020033003,0
2020033004,0
2020033005,0
2020033006,0
2020033007,0
2020033008,0
2020033009,0
2020033010,0
2020033011,0
2020033012,0
2020033013,0
2020033014,0
2020033015,0
2020033016,0
2020033017,0
2020033018,0
2020033019,0
2020033020,0
2020033021,0
2020033022,0
2020033023,0
2020033024,0
2020033101,0
2020033102,0
2020033103,0
2020033104,0
2020033105,0
2020033106,0
2020033107,0
2020033108,0
2020033109,0
2020033110,0
2020033111,0
2020033112,0
2020033113,0
2020033114,0
2020033115,0
2020033116,0
2020033117,0
2020033118,0
2020033119,0
2020033120,0
2020033121,0
2020033122,0
2020033123,0
2020033124,0
2020040101,0
2020040102,0
2020040103,0
2020040104,1
2020040105,0
2020040106,0
2020040107,0
2020040108,0
2020040109,0
2020040110,0
2020040111,0
2020040112,0
2020040113,0
2020040114,0
2020040115,0
2020040116,0
2020040117,0
2020040118,0
2020040119,0
2020040120,0
2020040121,0
2020040122,0
2020040123,0
2020040124,0
2020040201,0
2020040202,0
2020040203,0
2020040204,0
2020040205,0
2020040206,0
2020040207,0
2020040208,0
2020040209,0
2020040210,0
2020040211,0
2020040212,0
2020040213,0
2020040214,0
2020040215,0
2020040216,0
2020040217,0
2020040218,0
2020040219,0
2020040220,0
2020040221,0
2020040222,0
2020040223,0
2020040224,0
2020040301,0
2020040302,0
2020040303,0
2020040304,0
2020040305,0
2020040306,0
2020040307,0
2020040308,0
2020040309,0
2020040310,0
2020040311,0
2020040312,0
2020040313,0
2020040314,0
2020040315,0
2020040316,0
2020040317,0
2020040318,0
2020040319,0
2020040320,0
2020040321,0
2020040322,0
2020040323,0
2020040324,0
2020040401,0
2020040402,0
2020040403,0
2020040404,0
2020040405,0
2020040406,0
2020040407,0
2020040408,0
2020040409,0
2020040410,0
2020040411,0
2020040412,0
2020040413,0
2020040414,0
2020040415,0
2020040416,0
2020040417,0
2020040418,0
2020040419,0
2020040420,0
2020040421,0
2020040422,0
2020040423,0
2020040424,0
2020040501,0
2020040502,0
2020040503,0
2020040504,0
2020040505,0
2020040506,0
2020040507,0
2020040508,0
2020040509,0
2020040510,0
2020040511,0
2020040512,0
2020040513,0
2020040514,0
2020040515,0
2020040516,0
2020040517,0
2020040518,0
2020040519,0
2020040520,0
2020040521,0
2020040522,0
2020040523,0
2020040524,0
2020040601,0
2020040602,0
2020040603,0
2020040604,0
2020040605,0
2020040606,0
2020040607,0
2020040608,0
2020040609,0
2020040610,0
2020040611,0
2020040612,0
2020040613,0
2020040614,0
2020040615,0
2020040616,0
2020040617,0
2020040618,0
2020040619,0
2020040620,0
2020040621,0
2020040622,0
2020040623,0
2020040624,0
2020040701,0
2020040702,0
2020040703,0
2020040704,0
2020040705,0
2020040706,0
2020040707,0
2020040708,0
2020040709,0
2020040710,0
2020040711,0
2020040712,0
2020040713,0
2020040714,0
2020040715,0
2020040716,0
2020040717,0
2020040718,0
2020040719,0
2020040720,0
2020040721,0
2020040722,0
2020040723,0
2020040724,0
2020040801,0
2020040802,0
2020040803,0
2020040804,0
2020040805,0
2020040806,0
2020040807,0
2020040808,0
2020040809,0
2020040810,0
2020040811,0
2020040812,0
2020040813,0
2020040814,0
2020040815,0
2020040816,0
2020040817,0
2020040818,0
2020040819,0
2020040820,0
2020040821,0
2020040822,0
2020040823,0
2020040824,0
2020040901,0
2020040902,0
2020040903,0
2020040904,0
2020040905,0
2020040906,0
2020040907,0
2020040908,0
2020040909,0
2020040910,0
2020040911,0
2020040912,0
2020040913,0
2020040914,0
2020040915,0
2020040916,0
2020040917,0
2020040918,0
2020040919,0
2020040920,0
2020040921,0
2020040922,0
2020040923,0
2020040924,0
2020041001,0
2020041002,0
2020041003,0
2020041004,0
2020041005,0
2020041006,0
2020041007,0
2020041008,0
2020041009,0
2020041010,0
2020041011,0
2020041012,0
2020041013,0
2020041014,0
2020041015,0
2020041016,0
2020041017,0
2020041018,0
2020041019,0
2020041020,0
2020041021,0
2020041022,0
2020041023,0
2020041024,0
2020041101,0
2020041102,0
2020041103,0
2020041104,0
2020041105,0
2020041106,0
2020041107,0
2020041108,0
2020041109,0
2020041110,0
2020041111,0
2020041112,0
2020041113,0
2020041114,0
2020041115,0
2020041116,0
2020041117,0
2020041118,0
2020041119,0
2020041120,0
2020041121,0
2020041122,0
2020041123,0
2020041124,1
2020041201,0
2020041202,1
2020041203,1
2020041204,0
2020041205,1
2020041206,0
2020041207,0
2020041208,0
2020041209,0
2020041210,0
2020041211,0
2020041212,0
2020041213,0
2020041214,0
2020041215,0
2020041216,0
2020041217,0
2020041218,0
2020041219,0
2020041220,0
2020041221,1
2020041222,0
2020041223,0
2020041224,0
2020041301,0
2020041302,0
2020041303,0
2020041304,0
2020041305,0
2020041306,0
2020041307,0
2020041308,0
2020041309,0
2020041310,0
2020041311,0
2020041312,0
2020041313,0
2020041314,0
2020041315,0
2020041316,0
2020041317,0
2020041318,0
2020041319,0
2020041320,0
2020041321,0
2020041322,0
2020041323,0
2020041324,0
2020041401,0
2020041402,0
2020041403,0
2020041404,0
2020041405,0
2020041406,0
2020041407,0
2020041408,0
2020041409,0
2020041410,0
2020041411,0
2020041412,0
2020041413,0
2020041414,0
2020041415,0
2020041416,0
2020041417,0
2020041418,0
2020041419,0
2020041420,0
2020041421,0
2020041422,0
2020041423,0
2020041424,0
2020041501,0
2020041502,0
2020041503,0
2020041504,0
2020041505,0
2020041506,0
2020041507,0
2020041508,0
2020041509,0
2020041510,0
2020041511,0
2020041512,0
2020041513,0
2020041514,0
2020041515,0
2020041516,0
2020041517,0
2020041518,0
2020041519,0
2020041520,0
2020041521,0
2020041522,0
2020041523,0
2020041524,0
2020041601,0
2020041602,0
2020041603,0
2020041604,0
2020041605,0
2020041606,0
2020041607,0
2020041608,0
2020041609,0
2020041610,0
2020041611,0
2020041612,0
2020041613,0
2020041614,0
2020041615,0
2020041616,0
2020041617,0
2020041618,0
2020041619,0
2020041620,0
2020041621,0
2020041622,0
2020041623,0
2020041624,0
2020041701,0
2020041702,0
2020041703,0
2020041704,0
2020041705,0
2020041706,0
2020041707,0
2020041708,0
2020041709,0
2020041710,2
2020041711,1
2020041712,4
2020041713,2
2020041714,2
2020041715,3
2020041716,1
2020041717,0
2020041718,0
2020041719,0
2020041720,0
2020041721,0
2020041722,0
2020041723,0
2020041724,0
2020041801,0
2020041802,0
2020041803,0
2020041804,0
2020041805,0
2020041806,0
2020041807,0
2020041808,0
2020041809,0
2020041810,0
2020041811,0
2020041812,0
2020041813,0
2020041814,0
2020041815,0
2020041816,0
2020041817,0
2020041818,0
2020041819,0
2020041820,0
2020041821,0
2020041822,0
2020041823,0
2020041824,0
2020041901,0
2020041902,0
2020041903,0
2020041904,0
2020041905,0
2020041906,0
2020041907,0
2020041908,0
2020041909,0
2020041910,0
2020041911,0
2020041912,0
2020041913,0
2020041914,1
2020041915,0
2020041916,3
2020041917,3
2020041918,4
2020041919,3
2020041920,4
2020041921,6
2020041922,1
2020041923,0
2020041924,0
2020042001,0
2020042002,0
2020042003,0
2020042004,0
2020042005,0
2020042006,0
2020042007,0
2020042008,0
2020042009,0
2020042010,0
2020042011,0
2020042012,0
2020042013,0
2020042014,0
2020042015,0
2020042016,0
2020042017,0
2020042018,0
2020042019,0
2020042020,0
2020042021,0
2020042022,0
2020042023,0
2020042024,0
2020042101,0
2020042102,0
2020042103,0
2020042104,0
2020042105,0
2020042106,0
2020042107,0
2020042108,0
2020042109,0
2020042110,0
2020042111,0
2020042112,0
2020042113,0
2020042114,0
2020042115,0
2020042116,0
2020042117,0
2020042118,0
2020042119,0
2020042120,0
2020042121,0
2020042122,0
2020042123,0
2020042124,0
2020042201,0
2020042202,0
2020042203,0
2020042204,0
2020042205,0
2020042206,0
2020042207,0
2020042208,0
2020042209,0
2020042210,0
2020042211,0
2020042212,0
2020042213,0
2020042214,0
2020042215,0
2020042216,0
2020042217,0
2020042218,0
2020042219,0
2020042220,0
2020042221,0
2020042222,0
2020042223,0
2020042224,0
2020042301,0
2020042302,0
2020042303,0
2020042304,0
2020042305,0
2020042306,0
2020042307,0
2020042308,0
2020042309,0
2020042310,0
2020042311,0
2020042312,0
2020042313,0
2020042314,0
2020042315,0
2020042316,0
2020042317,0
2020042318,0
2020042319,0
2020042320,0
2020042321,0
2020042322,0
2020042323,0
2020042324,0
2020042401,0
2020042402,0
2020042403,0
2020042404,0
2020042405,0
2020042406,0
2020042407,0
2020042408,0
2020042409,0
2020042410,0
2020042411,0
2020042412,0
2020042413,0
2020042414,0
2020042415,0
2020042416,0
2020042417,0
2020042418,0
2020042419,0
2020042420,0
2020042421,0
2020042422,0
2020042423,0
2020042424,0
2020042501,0
2020042502,0
2020042503,0
2020042504,0
2020042505,0
2020042506,0
2020042507,0
2020042508,0
2020042509,0
2020042510,0
2020042511,0
2020042512,0
2020042513,0
2020042514,0
2020042515,0
2020042516,0
2020042517,0
2020042518,0
2020042519,0
2020042520,0
2020042521,0
2020042522,0
2020042523,0
2020042524,0
2020042601,0
2020042602,0
2020042603,0
2020042604,0
2020042605,0
2020042606,0
2020042607,0
2020042608,0
2020042609,0
2020042610,0
2020042611,0
2020042612,0
2020042613,0
2020042614,0
2020042615,0
2020042616,0
2020042617,0
2020042618,0
2020042619,0
2020042620,0
2020042621,0
2020042622,0
2020042623,0
2020042624,0
2020042701,0
2020042702,0
2020042703,0
2020042704,0
2020042705,0
2020042706,0
2020042707,0
2020042708,0
2020042709,0
2020042710,0
2020042711,0
2020042712,0
2020042713,0
2020042714,0
2020042715,0
2020042716,0
2020042717,0
2020042718,0
2020042719,0
2020042720,0
2020042721,0
2020042722,0
2020042723,0
2020042724,0
2020042801,0
2020042802,0
2020042803,0
2020042804,0
2020042805,0
2020042806,0
2020042807,0
2020042808,0
2020042809,0
2020042810,0
2020042811,0
2020042812,0
2020042813,0
2020042814,0
2020042815,0
2020042816,0
2020042817,0
2020042818,0
2020042819,0
2020042820,0
2020042821,0
2020042822,0
2020042823,0
2020042824,0
2020042901,0
2020042902,0
2020042903,0
2020042904,0
2020042905,0
2020042906,0
2020042907,0
2020042908,0
2020042909,0
2020042910,0
2020042911,0
2020042912,0
2020042913,0
2020042914,0
2020042915,0
2020042916,0
2020042917,0
2020042918,0
2020042919,0
2020042920,0
2020042921,0
2020042922,0
2020042923,0
2020042924,0
2020043001,0
2020043002,0
2020043003,0
2020043004,0
2020043005,0
2020043006,0
2020043007,0
2020043008,0
2020043009,0
2020043010,0
2020043011,0
2020043012,0
2020043013,0
2020043014,0
2020043015,0
2020043016,0
2020043017,0
2020043018,0
2020043019,0
2020043020,0
2020043021,0
2020043022,0
2020043023,0
2020043024,0
2020050101,0
2020050102,0
2020050103,0
2020050104,0
2020050105,0
2020050106,0
2020050107,0
2020050108,0
2020050109,0
2020050110,0
2020050111,0
2020050112,0
2020050113,0
2020050114,0
2020050115,0
2020050116,0
2020050117,0
2020050118,0
2020050119,0
2020050120,0
2020050121,0
2020050122,0
2020050123,0
2020050124,0
2020050201,0
2020050202,0
2020050203,0
2020050204,0
2020050205,0
2020050206,0
2020050207,0
2020050208,0
2020050209,0
2020050210,0
2020050211,0
2020050212,0
2020050213,0
2020050214,0
2020050215,0
2020050216,0
2020050217,0
2020050218,0
2020050219,0
2020050220,0
2020050221,0
2020050222,0
2020050223,0
2020050224,0
2020050301,3
2020050302,2
2020050303,0
2020050304,1
2020050305,0
2020050306,0
2020050307,0
2020050308,1
2020050309,0
2020050310,0
2020050311,1
2020050312,1
2020050313,1
2020050314,1
2020050315,0
2020050316,1
2020050317,0
2020050318,0
2020050319,1
2020050320,0
2020050321,0
2020050322,0
2020050323,0
2020050324,0
2020050401,0
2020050402,0
2020050403,0
2020050404,0
2020050405,0
2020050406,0
2020050407,0
2020050408,0
2020050409,0
2020050410,0
2020050411,0
2020050412,0
2020050413,0
2020050414,0
2020050415,0
2020050416,0
2020050417,0
2020050418,0
2020050419,0
2020050420,0
2020050421,0
2020050422,0
2020050423,0
2020050424,0
2020050501,0
2020050502,0
2020050503,0
2020050504,0
2020050505,0
2020050506,0
2020050507,0
2020050508,0
2020050509,0
2020050510,0
2020050511,0
2020050512,0
2020050513,0
2020050514,0
2020050515,0
2020050516,0
2020050517,0
2020050518,0
2020050519,0
2020050520,0
2020050521,0
2020050522,0
2020050523,0
2020050524,0
2020050601,0
2020050602,0
2020050603,0
2020050604,0
2020050605,0
2020050606,0
2020050607,0
2020050608,0
2020050609,0
2020050610,0
2020050611,0
2020050612,0
2020050613,0
2020050614,0
2020050615,0
2020050616,0
2020050617,0
2020050618,0
2020050619,0
2020050620,0
2020050621,0
2020050622,0
2020050623,0
2020050624,0
2020050701,0
2020050702,0
2020050703,0
2020050704,0
2020050705,0
2020050706,0
2020050707,0
2020050708,0
2020050709,0
2020050710,0
2020050711,0
2020050712,0
2020050713,0
2020050714,0
2020050715,0
2020050716,0
2020050717,0
2020050718,0
2020050719,0
2020050720,0
2020050721,0
2020050722,0
2020050723,0
2020050724,0
2020050801,0
2020050802,0
2020050803,0
2020050804,0
2020050805,0
2020050806,0
2020050807,0
2020050808,0
2020050809,0
2020050810,0
2020050811,0
2020050812,0
2020050813,0
2020050814,0
2020050815,0
2020050816,0
2020050817,0
2020050818,0
2020050819,0
2020050820,0
2020050821,0
2020050822,0
2020050823,0
2020050824,0
2020050901,0
2020050902,0
2020050903,1
2020050904,2
2020050905,2
2020050906,1
2020050907,1
2020050908,2
2020050909,3
2020050910,0
2020050911,0
2020050912,0
2020050913,0
2020050914,0
2020050915,1
2020050916,0
2020050917,1
2020050918,1
2020050919,0
2020050920,0
2020050921,0
2020050922,0
2020050923,0
2020050924,0
2020051001,0
2020051002,0
2020051003,0
2020051004,0
2020051005,0
2020051006,0
2020051007,0
2020051008,0
2020051009,0
2020051010,0
2020051011,0
2020051012,0
2020051013,0
2020051014,0
2020051015,0
2020051016,0
2020051017,0
2020051018,0
2020051019,0
2020051020,0
2020051021,0
2020051022,0
2020051023,0
2020051024,0
2020051101,0
2020051102,0
2020051103,0
2020051104,0
2020051105,0
2020051106,0
2020051107,0
2020051108,0
2020051109,0
2020051110,0
2020051111,0
2020051112,0
2020051113,0
2020051114,0
2020051115,0
2020051116,0
2020051117,0
2020051118,0
2020051119,0
2020051120,0
2020051121,0
2020051122,0
2020051123,0
2020051124,0
2020051201,0
2020051202,0
2020051203,0
2020051204,0
2020051205,0
2020051206,0
2020051207,0
2020051208,0
2020051209,0
2020051210,0
2020051211,0
2020051212,0
2020051213,0
2020051214,0
2020051215,0
2020051216,0
2020051217,0
2020051218,0
2020051219,0
2020051220,0
2020051221,0
2020051222,0
2020051223,0
2020051224,0
2020051301,0
2020051302,0
2020051303,0
2020051304,0
2020051305,0
2020051306,0
2020051307,0
2020051308,0
2020051309,0
2020051310,0
2020051311,0
2020051312,0
2020051313,0
2020051314,0
2020051315,0
2020051316,0
2020051317,0
2020051318,0
2020051319,0
2020051320,0
2020051321,0
2020051322,0
2020051323,0
2020051324,0
2020051401,0
2020051402,0
2020051403,0
2020051404,0
2020051405,0
2020051406,0
2020051407,0
2020051408,0
2020051409,0
2020051410,0
2020051411,0
2020051412,0
2020051413,0
2020051414,0
2020051415,0
2020051416,0
2020051417,0
2020051418,0
2020051419,0
2020051420,0
2020051421,0
2020051422,0
2020051423,0
2020051424,0
2020051501,0
2020051502,0
2020051503,0
2020051504,0
2020051505,0
2020051506,0
2020051507,0
2020051508,1
2020051509,2
2020051510,1
2020051511,2
2020051512,0
2020051513,0
2020051514,0
2020051515,0
2020051516,0
2020051517,0
2020051518,0
2020051519,0
2020051520,0
2020051521,0
2020051522,0
2020051523,0
2020051524,0
2020051601,0
2020051602,1
2020051603,0
2020051604,0
2020051605,0
2020051606,0
2020051607,0
2020051608,0
2020051609,0
2020051610,0
2020051611,0
2020051612,0
2020051613,0
2020051614,0
2020051615,0
2020051616,0
2020051617,0
2020051618,0
2020051619,0
2020051620,0
2020051621,0
2020051622,0
2020051623,0
2020051624,0
2020051701,0
2020051702,0
2020051703,0
2020051704,0
2020051705,0
2020051706,0
2020051707,0
2020051708,0
2020051709,0
2020051710,0
2020051711,0
2020051712,0
2020051713,0
2020051714,0
2020051715,0
2020051716,0
2020051717,0
2020051718,0
2020051719,0
2020051720,0
2020051721,0
2020051722,0
2020051723,0
2020051724,0
2020051801,0
2020051802,0
2020051803,0
2020051804,0
2020051805,0
2020051806,0
2020051807,0
2020051808,0
2020051809,0
2020051810,0
2020051811,0
2020051812,0
2020051813,0
2020051814,0
2020051815,0
2020051816,0
2020051817,0
2020051818,0
2020051819,0
2020051820,0
2020051821,0
2020051822,0
2020051823,0
2020051824,0
2020051901,2
2020051902,0
2020051903,0
2020051904,0
2020051905,0
2020051906,0
2020051907,0
2020051908,0
2020051909,0
2020051910,0
2020051911,0
2020051912,0
2020051913,0
2020051914,0
2020051915,0
2020051916,0
2020051917,0
2020051918,0
2020051919,0
2020051920,0
2020051921,0
2020051922,0
2020051923,0
2020051924,0
2020052001,0
2020052002,0
2020052003,0
2020052004,0
2020052005,0
2020052006,0
2020052007,0
2020052008,0
2020052009,0
2020052010,0
2020052011,0
2020052012,0
2020052013,0
2020052014,0
2020052015,0
2020052016,0
2020052017,0
2020052018,0
2020052019,0
2020052020,0
2020052021,0
2020052022,0
2020052023,0
2020052024,0
2020052101,0
2020052102,0
2020052103,0
2020052104,0
2020052105,0
2020052106,0
2020052107,0
2020052108,0
2020052109,0
2020052110,0
2020052111,0
2020052112,0
2020052113,0
2020052114,0
2020052115,0
2020052116,0
2020052117,0
2020052118,0
2020052119,0
2020052120,0
2020052121,0
2020052122,0
2020052123,0
2020052124,0
2020052201,0
2020052202,0
2020052203,0
2020052204,0
2020052205,0
2020052206,0
2020052207,0
2020052208,0
2020052209,0
2020052210,0
2020052211,0
2020052212,0
2020052213,0
2020052214,0
2020052215,0
2020052216,0
2020052217,0
2020052218,0
2020052219,0
2020052220,0
2020052221,0
2020052222,0
2020052223,0
2020052224,0
2020052301,0
2020052302,0
2020052303,0
2020052304,0
2020052305,0
2020052306,0
2020052307,0
2020052308,0
2020052309,0
2020052310,0
2020052311,0
2020052312,0
2020052313,0
2020052314,0
2020052315,0
2020052316,0
2020052317,0
2020052318,0
2020052319,0
2020052320,0
2020052321,0
2020052322,0
2020052323,0
2020052324,0
2020052401,0
2020052402,0
2020052403,0
2020052404,0
2020052405,0
2020052406,0
2020052407,0
2020052408,0
2020052409,0
2020052410,0
2020052411,0
2020052412,0
2020052413,0
2020052414,0
2020052415,0
2020052416,0
2020052417,0
2020052418,0
2020052419,0
2020052420,0
2020052421,0
2020052422,0
2020052423,0
2020052424,0
2020052501,0
2020052502,0
2020052503,0
2020052504,0
2020052505,0
2020052506,0
2020052507,0
2020052508,0
2020052509,0
2020052510,0
2020052511,0
2020052512,0
2020052513,0
2020052514,0
2020052515,0
2020052516,0
2020052517,0
2020052518,0
2020052519,0
2020052520,0
2020052521,0
2020052522,0
2020052523,0
2020052524,0
2020052601,0
2020052602,0
2020052603,0
2020052604,0
2020052605,0
2020052606,0
2020052607,0
2020052608,0
2020052609,0
2020052610,0
2020052611,0
2020052612,0
2020052613,0
2020052614,0
2020052615,0
2020052616,0
2020052617,0
2020052618,0
2020052619,0
2020052620,0
2020052621,0
2020052622,0
2020052623,0
2020052624,0
2020052701,0
2020052702,0
2020052703,0
2020052704,0
2020052705,0
2020052706,0
2020052707,0
2020052708,0
2020052709,0
2020052710,0
2020052711,0
2020052712,0
2020052713,0
2020052714,0
2020052715,0
2020052716,0
2020052717,0
2020052718,0
2020052719,0
2020052720,0
2020052721,0
2020052722,0
2020052723,0
2020052724,0
2020052801,0
2020052802,0
2020052803,0
2020052804,0
2020052805,0
2020052806,0
2020052807,0
2020052808,0
2020052809,0
2020052810,0
2020052811,0
2020052812,0
2020052813,0
2020052814,0
2020052815,0
2020052816,0
2020052817,0
2020052818,0
2020052819,0
2020052820,0
2020052821,0
2020052822,0
2020052823,0
2020052824,0
2020052901,0
2020052902,0
2020052903,0
2020052904,0
2020052905,0
2020052906,0
2020052907,0
2020052908,0
2020052909,0
2020052910,0
2020052911,0
2020052912,0
2020052913,0
2020052914,0
2020052915,0
2020052916,0
2020052917,0
2020052918,0
2020052919,0
2020052920,0
2020052921,0
2020052922,0
2020052923,0
2020052924,0
2020053001,0
2020053002,0
2020053003,0
2020053004,0
2020053005,0
2020053006,0
2020053007,0
2020053008,0
2020053009,0
2020053010,0
2020053011,0
2020053012,0
2020053013,0
2020053014,0
2020053015,0
2020053016,0
2020053017,0
2020053018,0
2020053019,0
2020053020,0
2020053021,0
2020053022,0
2020053023,0
2020053024,0
2020053101,0
2020053102,0
2020053103,0
2020053104,0
2020053105,0
2020053106,0
2020053107,0
2020053108,0
2020053109,0
2020053110,0
2020053111,0
2020053112,0
2020053113,0
2020053114,0
2020053115,0
2020053116,0
2020053117,0
2020053118,0
2020053119,0
2020053120,0
2020053121,0
2020053122,0
2020053123,0
2020053124,0
2020060101,0
2020060102,0
2020060103,0
2020060104,0
2020060105,0
2020060106,0
2020060107,0
2020060108,0
2020060109,0
2020060110,0
2020060111,0
2020060112,0
2020060113,0
2020060114,0
2020060115,0
2020060116,0
2020060117,0
2020060118,0
2020060119,0
2020060120,0
2020060121,0
2020060122,0
2020060123,0
2020060124,0
2020060201,0
2020060202,0
2020060203,0
2020060204,0
2020060205,0
2020060206,0
2020060207,0
2020060208,0
2020060209,0
2020060210,0
2020060211,0
2020060212,0
2020060213,0
2020060214,0
2020060215,0
2020060216,0
2020060217,0
2020060218,0
2020060219,0
2020060220,0
2020060221,0
2020060222,0
2020060223,0
2020060224,0
2020060301,0
2020060302,0
2020060303,0
2020060304,0
2020060305,0
2020060306,0
2020060307,0
2020060308,0
2020060309,0
2020060310,0
2020060311,0
2020060312,0
2020060313,0
2020060314,0
2020060315,0
2020060316,0
2020060317,0
2020060318,0
2020060319,0
2020060320,0
2020060321,0
2020060322,0
2020060323,0
2020060324,0
2020060401,0
2020060402,0
2020060403,0
2020060404,0
2020060405,0
2020060406,0
2020060407,0
2020060408,0
2020060409,0
2020060410,0
2020060411,0
2020060412,0
2020060413,0
2020060414,0
2020060415,0
2020060416,0
2020060417,0
2020060418,0
2020060419,0
2020060420,0
2020060421,0
2020060422,0
2020060423,0
2020060424,0
2020060501,0
2020060502,0
2020060503,0
2020060504,0
2020060505,0
2020060506,0
2020060507,0
2020060508,0
2020060509,0
2020060510,0
2020060511,0
2020060512,0
2020060513,0
2020060514,0
2020060515,0
2020060516,0
2020060517,0
2020060518,0
2020060519,0
2020060520,0
2020060521,0
2020060522,0
2020060523,0
2020060524,0
2020060601,0
2020060602,0
2020060603,0
2020060604,0
2020060605,0
2020060606,0
2020060607,0
2020060608,0
2020060609,0
2020060610,0
2020060611,0
2020060612,0
2020060613,0
2020060614,0
2020060615,0
2020060616,0
2020060617,0
2020060618,0
2020060619,0
2020060620,0
2020060621,0
2020060622,0
2020060623,0
2020060624,0
2020060701,0
2020060702,0
2020060703,0
2020060704,0
2020060705,0
2020060706,0
2020060707,0
2020060708,0
2020060709,0
2020060710,0
2020060711,0
2020060712,0
2020060713,0
2020060714,0
2020060715,0
2020060716,0
2020060717,0
2020060718,0
2020060719,0
2020060720,0
2020060721,0
2020060722,0
2020060723,0
2020060724,0
2020060801,0
2020060802,0
2020060803,0
2020060804,0
2020060805,0
2020060806,0
2020060807,0
2020060808,0
2020060809,0
2020060810,0
2020060811,0
2020060812,0
2020060813,0
2020060814,0
2020060815,0
2020060816,0
2020060817,0
2020060818,0
2020060819,0
2020060820,0
2020060821,0
2020060822,0
2020060823,0
2020060824,0
2020060901,0
2020060902,0
2020060903,0
2020060904,0
2020060905,0
2020060906,0
2020060907,0
2020060908,0
2020060909,0
2020060910,0
2020060911,0
2020060912,0
2020060913,0
2020060914,0
2020060915,0
2020060916,0
2020060917,0
2020060918,0
2020060919,0
2020060920,0
2020060921,0
2020060922,0
2020060923,0
2020060924,0
2020061001,0
2020061002,0
2020061003,0
2020061004,0
2020061005,0
2020061006,0
2020061007,0
2020061008,0
2020061009,0
2020061010,0
2020061011,0
2020061012,0
2020061013,0
2020061014,0
2020061015,0
2020061016,0
2020061017,0
2020061018,0
2020061019,0
2020061020,0
2020061021,0
2020061022,0
2020061023,0
2020061024,0
2020061101,0
2020061102,0
2020061103,3
2020061104,1
2020061105,1
2020061106,1
2020061107,0
2020061108,0
2020061109,0
2020061110,0
2020061111,0
2020061112,0
2020061113,0
2020061114,0
2020061115,0
2020061116,0
2020061117,0
2020061118,0
2020061119,0
2020061120,0
2020061121,0
2020061122,0
2020061123,0
2020061124,0
2020061201,0
2020061202,0
2020061203,0
2020061204,0
2020061205,0
2020061206,0
2020061207,0
2020061208,0
2020061209,0
2020061210,0
2020061211,0
2020061212,0
2020061213,0
2020061214,0
2020061215,0
2020061216,0
2020061217,0
2020061218,0
2020061219,0
2020061220,0
2020061221,0
2020061222,0
2020061223,0
2020061224,3
2020061301,9
2020061302,5
2020061303,5
2020061304,7
2020061305,6
2020061306,0
2020061307,1
2020061308,0
2020061309,1
2020061310,0
2020061311,0
2020061312,0
2020061313,0
2020061314,0
2020061315,0
2020061316,0
2020061317,0
2020061318,0
2020061319,0
2020061320,0
2020061321,0
2020061322,0
2020061323,2
2020061324,0
2020061401,0
2020061402,0
2020061403,0
2020061404,1
2020061405,1
2020061406,1
2020061407,0
2020061408,0
2020061409,3
2020061410,1
2020061411,3
2020061412,3
2020061413,0
2020061414,0
2020061415,0
2020061416,0
2020061417,0
2020061418,0
2020061419,0
2020061420,0
2020061421,0
2020061422,0
2020061423,0
2020061424,0
2020061501,0
2020061502,0
2020061503,0
2020061504,0
2020061505,0
2020061506,0
2020061507,0
2020061508,0
2020061509,0
2020061510,0
2020061511,0
2020061512,0
2020061513,0
2020061514,0
2020061515,0
2020061516,0
2020061517,0
2020061518,0
2020061519,0
2020061520,0
2020061521,0
2020061522,0
2020061523,0
2020061524,0
2020061601,0
2020061602,0
2020061603,0
2020061604,0
2020061605,0
2020061606,0
2020061607,0
2020061608,0
2020061609,0
2020061610,0
2020061611,0
2020061612,0
2020061613,0
2020061614,0
2020061615,0
2020061616,0
2020061617,0
2020061618,0
2020061619,0
2020061620,0
2020061621,0
2020061622,0
2020061623,0
2020061624,0
2020061701,0
2020061702,0
2020061703,0
2020061704,0
2020061705,0
2020061706,0
2020061707,0
2020061708,0
2020061709,0
2020061710,0
2020061711,0
2020061712,0
2020061713,0
2020061714,0
2020061715,0
2020061716,0
2020061717,0
2020061718,0
2020061719,0
2020061720,0
2020061721,0
2020061722,0
2020061723,0
2020061724,0
2020061801,0
2020061802,1
2020061803,1
2020061804,1
2020061805,1
2020061806,1
2020061807,2
2020061808,2
2020061809,1
2020061810,1
2020061811,1
2020061812,0
2020061813,2
2020061814,1
2020061815,2
2020061816,2
2020061817,2
2020061818,5
2020061819,2
2020061820,1
2020061821,0
2020061822,0
2020061823,0
2020061824,0
2020061901,0
2020061902,0
2020061903,0
2020061904,1
2020061905,0
2020061906,0
2020061907,0
2020061908,0
2020061909,0
2020061910,0
2020061911,0
2020061912,0
2020061913,0
2020061914,0
2020061915,0
2020061916,0
2020061917,0
2020061918,0
2020061919,0
2020061920,0
2020061921,0
2020061922,0
2020061923,0
2020061924,0
2020062001,0
2020062002,0
2020062003,0
2020062004,0
2020062005,0
2020062006,0
2020062007,0
2020062008,0
2020062009,0
2020062010,0
2020062011,0
2020062012,0
2020062013,0
2020062014,0
2020062015,0
2020062016,0
2020062017,0
2020062018,0
2020062019,0
2020062020,0
2020062021,0
2020062022,0
2020062023,0
2020062024,0
2020062101,0
2020062102,0
2020062103,0
2020062104,0
2020062105,0
2020062106,0
2020062107,0
2020062108,0
2020062109,0
2020062110,0
2020062111,0
2020062112,0
2020062113,0
2020062114,0
2020062115,0
2020062116,0
2020062117,0
2020062118,0
2020062119,0
2020062120,0
2020062121,0
2020062122,0
2020062123,0
2020062124,0
2020062201,0
2020062202,0
2020062203,0
2020062204,0
2020062205,0
2020062206,0
2020062207,0
2020062208,0
2020062209,0
2020062210,0
2020062211,0
2020062212,0
2020062213,0
2020062214,0
2020062215,0
2020062216,0
2020062217,0
2020062218,0
2020062219,0
2020062220,0
2020062221,0
2020062222,0
2020062223,0
2020062224,0
2020062301,0
2020062302,0
2020062303,0
2020062304,0
2020062305,0
2020062306,0
2020062307,0
2020062308,0
2020062309,0
2020062310,0
2020062311,0
2020062312,0
2020062313,0
2020062314,0
2020062315,0
2020062316,0
2020062317,0
2020062318,0
2020062319,0
2020062320,0
2020062321,0
2020062322,0
2020062323,0
2020062324,0
2020062401,0
2020062402,0
2020062403,0
2020062404,0
2020062405,0
2020062406,0
2020062407,0
2020062408,0
2020062409,0
2020062410,0
2020062411,0
2020062412,0
2020062413,0
2020062414,0
2020062415,0
2020062416,0
2020062417,1
2020062418,1
2020062419,0
2020062420,3
2020062421,4
2020062422,0
2020062423,0
2020062424,1
2020062501,0
2020062502,1
2020062503,0
2020062504,0
2020062505,0
2020062506,0
2020062507,0
2020062508,0
2020062509,0
2020062510,0
2020062511,0
2020062512,0
2020062513,0
2020062514,1
2020062515,0
2020062516,0
2020062517,1
2020062518,0
2020062519,0
2020062520,0
2020062521,0
2020062522,0
2020062523,0
2020062524,0
2020062601,0
2020062602,0
2020062603,0
2020062604,0
2020062605,0
2020062606,0
2020062607,0
2020062608,0
2020062609,0
2020062610,0
2020062611,0
2020062612,0
2020062613,0
2020062614,0
2020062615,0
2020062616,0
2020062617,0
2020062618,0
2020062619,0
2020062620,0
2020062621,0
2020062622,0
2020062623,0
2020062624,0
2020062701,0
2020062702,0
2020062703,0
2020062704,0
2020062705,0
2020062706,0
2020062707,0
2020062708,0
2020062709,0
2020062710,0
2020062711,0
2020062712,0
2020062713,0
2020062714,0
2020062715,0
2020062716,0
2020062717,0
2020062718,0
2020062719,0
2020062720,0
2020062721,0
2020062722,0
2020062723,0
2020062724,0
2020062801,0
2020062802,0
2020062803,0
2020062804,0
2020062805,0
2020062806,0
2020062807,0
2020062808,0
2020062809,0
2020062810,0
2020062811,0
2020062812,0
2020062813,0
2020062814,0
2020062815,0
2020062816,0
2020062817,0
2020062818,0
2020062819,0
2020062820,0
2020062821,0
2020062822,0
2020062823,0
2020062824,0
2020062901,0
2020062902,0
2020062903,0
2020062904,0
2020062905,0
2020062906,0
2020062907,0
2020062908,0
2020062909,0
2020062910,0
2020062911,0
2020062912,0
2020062913,0
2020062914,0
2020062915,1
2020062916,1
2020062917,3
2020062918,12
2020062919,1
2020062920,2
2020062921,5
2020062922,6
2020062923,11
2020062924,8
2020063001,2
2020063002,0
2020063003,0
2020063004,0
2020063005,0
2020063006,0
2020063007,0
2020063008,0
2020063009,0
2020063010,0
2020063011,0
2020063012,0
2020063013,0
2020063014,0
2020063015,0
2020063016,0
2020063017,0
2020063018,0
2020063019,0
2020063020,0
2020063021,0
2020063022,0
2020063023,0
2020063024,0
