ymdh,wl
2016010101,-.24
2016010102,-.23
2016010103,-.23
2016010104,-.23
2016010105,-.22
2016010106,-.22
2016010107,-.22
2016010108,-.22
2016010109,-.22
2016010110,-.22
2016010111,-.22
2016010112,-.22
2016010113,-.22
2016010114,-.22
2016010115,-.22
2016010116,-.22
2016010117,-.22
2016010118,-.22
2016010119,-.22
2016010120,-.22
2016010121,-.22
2016010122,-.22
2016010123,-.22
2016010124,-.22
2016010201,-.22
2016010202,-.21
2016010203,-.21
2016010204,-.20
2016010205,-.20
2016010206,-.20
2016010207,-.20
2016010208,-.20
2016010209,-.20
2016010210,-.20
2016010211,-.20
2016010212,-.20
2016010213,-.20
2016010214,-.20
2016010215,-.20
2016010216,-.20
2016010217,-.20
2016010218,-.20
2016010219,-.21
2016010220,-.21
2016010221,-.21
2016010222,-.21
2016010223,-.21
2016010224,-.21
2016010301,-.21
2016010302,-.21
2016010303,-.21
2016010304,-.21
2016010305,-.21
2016010306,-.21
2016010307,-.21
2016010308,-.21
2016010309,-.20
2016010310,-.20
2016010311,-.20
2016010312,-.20
2016010313,-.20
2016010314,-.20
2016010315,-.20
2016010316,-.20
2016010317,-.20
2016010318,-.20
2016010319,-.20
2016010320,-.21
2016010321,-.21
2016010322,-.21
2016010323,-.21
2016010324,-.21
2016010401,-.21
2016010402,-.21
2016010403,-.21
2016010404,-.21
2016010405,-.20
2016010406,-.20
2016010407,-.20
2016010408,-.20
2016010409,-.20
2016010410,-.20
2016010411,-.20
2016010412,-.20
2016010413,-.20
2016010414,-.20
2016010415,-.20
2016010416,-.20
2016010417,-.20
2016010418,-.20
2016010419,-.20
2016010420,-.21
2016010421,-.21
2016010422,-.21
2016010423,-.21
2016010424,-.21
2016010501,-.21
2016010502,-.21
2016010503,-.21
2016010504,-.20
2016010505,-.20
2016010506,-.20
2016010507,-.20
2016010508,-.20
2016010509,-.20
2016010510,-.20
2016010511,-.20
2016010512,-.20
2016010513,-.20
2016010514,-.20
2016010515,-.20
2016010516,-.20
2016010517,-.20
2016010518,-.20
2016010519,-.21
2016010520,-.21
2016010521,-.21
2016010522,-.21
2016010523,-.21
2016010524,-.21
2016010601,-.21
2016010602,-.21
2016010603,-.21
2016010604,-.21
2016010605,-.21
2016010606,-.21
2016010607,-.21
2016010608,-.21
2016010609,-.21
2016010610,-.21
2016010611,-.21
2016010612,-.21
2016010613,-.21
2016010614,-.21
2016010615,-.21
2016010616,-.21
2016010617,-.21
2016010618,-.21
2016010619,-.21
2016010620,-.21
2016010621,-.21
2016010622,-.21
2016010623,-.21
2016010624,-.21
2016010701,-.21
2016010702,-.21
2016010703,-.21
2016010704,-.21
2016010705,-.21
2016010706,-.21
2016010707,-.21
2016010708,-.21
2016010709,-.21
2016010710,-.21
2016010711,-.21
2016010712,-.21
2016010713,-.21
2016010714,-.21
2016010715,-.21
2016010716,-.21
2016010717,-.22
2016010718,-.22
2016010719,-.22
2016010720,-.22
2016010721,-.22
2016010722,-.22
2016010723,-.22
2016010724,-.22
2016010801,-.22
2016010802,-.22
2016010803,-.22
2016010804,-.22
2016010805,-.22
2016010806,-.22
2016010807,-.22
2016010808,-.22
2016010809,-.22
2016010810,-.22
2016010811,-.22
2016010812,-.22
2016010813,-.22
2016010814,-.22
2016010815,-.22
2016010816,-.23
2016010817,-.24
2016010818,-.24
2016010819,-.25
2016010820,-.25
2016010821,-.25
2016010822,-.25
2016010823,-.25
2016010824,-.25
2016010901,-.25
2016010902,-.25
2016010903,-.25
2016010904,-.25
2016010905,-.25
2016010906,-.25
2016010907,-.25
2016010908,-.25
2016010909,-.25
2016010910,-.25
2016010911,-.25
2016010912,-.25
2016010913,-.25
2016010914,-.25
2016010915,-.26
2016010916,-.26
2016010917,-.26
2016010918,-.27
2016010919,-.27
2016010920,-.27
2016010921,-.27
2016010922,-.27
2016010923,-.27
2016010924,-.27
2016011001,-.27
2016011002,-.27
2016011003,-.26
2016011004,-.26
2016011005,-.26
2016011006,-.25
2016011007,-.25
2016011008,-.25
2016011009,-.25
2016011010,-.25
2016011011,-.25
2016011012,-.25
2016011013,-.25
2016011014,-.25
2016011015,-.25
2016011016,-.25
2016011017,-.25
2016011018,-.25
2016011019,-.25
2016011020,-.25
2016011021,-.25
2016011022,-.25
2016011023,-.25
2016011024,-.25
2016011101,-.25
2016011102,-.25
2016011103,-.25
2016011104,-.25
2016011105,-.25
2016011106,-.25
2016011107,-.25
2016011108,-.25
2016011109,-.25
2016011110,-.25
2016011111,-.25
2016011112,-.25
2016011113,-.25
2016011114,-.25
2016011115,-.25
2016011116,-.25
2016011117,-.25
2016011118,-.26
2016011119,-.26
2016011120,-.26
2016011121,-.26
2016011122,-.26
2016011123,-.26
2016011124,-.26
2016011201,-.26
2016011202,-.26
2016011203,-.26
2016011204,-.26
2016011205,-.26
2016011206,-.26
2016011207,-.26
2016011208,-.26
2016011209,-.26
2016011210,-.26
2016011211,-.26
2016011212,-.26
2016011213,-.26
2016011214,-.26
2016011215,-.26
2016011216,-.26
2016011217,-.27
2016011218,-.27
2016011219,-.27
2016011220,-.27
2016011221,-.28
2016011222,-.28
2016011223,-.28
2016011224,-.28
2016011301,-.28
2016011302,-.28
2016011303,-.28
2016011304,-.28
2016011305,-.28
2016011306,-.28
2016011307,-.28
2016011308,-.28
2016011309,-.28
2016011310,-.28
2016011311,-.28
2016011312,-.28
2016011313,-.28
2016011314,-.28
2016011315,-.28
2016011316,-.28
2016011317,-.28
2016011318,-.28
2016011319,-.28
2016011320,-.28
2016011321,-.28
2016011322,-.28
2016011323,-.28
2016011324,-.28
2016011401,-.28
2016011402,-.28
2016011403,-.28
2016011404,-.28
2016011405,-.28
2016011406,-.28
2016011407,-.28
2016011408,-.28
2016011409,-.28
2016011410,-.28
2016011411,-.28
2016011412,-.28
2016011413,-.28
2016011414,-.28
2016011415,-.28
2016011416,-.28
2016011417,-.29
2016011418,-.29
2016011419,-.29
2016011420,-.29
2016011421,-.29
2016011422,-.29
2016011423,-.29
2016011424,-.29
2016011501,-.29
2016011502,-.29
2016011503,-.29
2016011504,-.29
2016011505,-.29
2016011506,-.29
2016011507,-.29
2016011508,-.29
2016011509,-.29
2016011510,-.29
2016011511,-.29
2016011512,-.29
2016011513,-.29
2016011514,-.29
2016011515,-.29
2016011516,-.29
2016011517,-.29
2016011518,-.29
2016011519,-.29
2016011520,-.29
2016011521,-.29
2016011522,-.29
2016011523,-.29
2016011524,-.29
2016011601,-.29
2016011602,-.29
2016011603,-.29
2016011604,-.29
2016011605,-.29
2016011606,-.29
2016011607,-.29
2016011608,-.29
2016011609,-.29
2016011610,-.29
2016011611,-.29
2016011612,-.29
2016011613,-.29
2016011614,-.29
2016011615,-.29
2016011616,-.29
2016011617,-.29
2016011618,-.29
2016011619,-.30
2016011620,-.30
2016011621,-.30
2016011622,-.30
2016011623,-.30
2016011624,-.30
2016011701,-.30
2016011702,-.30
2016011703,-.30
2016011704,-.30
2016011705,-.30
2016011706,-.30
2016011707,-.30
2016011708,-.30
2016011709,-.30
2016011710,-.30
2016011711,-.30
2016011712,-.30
2016011713,-.30
2016011714,-.30
2016011715,-.30
2016011716,-.30
2016011717,-.30
2016011718,-.30
2016011719,-.31
2016011720,-.31
2016011721,-.31
2016011722,-.31
2016011723,-.31
2016011724,-.31
2016011801,-.31
2016011802,-.31
2016021204,-.31
2016021205,-.30
2016021206,-.28
2016021207,-.26
2016021208,-.22
2016021209,-.18
2016021210,-.16
2016021211,-.14
2016021212,-.13
2016021213,-.13
2016021214,-.13
2016021215,-.13
2016021216,-.14
2016021217,-.15
2016021218,-.15
2016021219,-.16
2016021220,-.16
2016021221,-.17
2016021222,-.17
2016021223,-.18
2016021224,-.18
2016021301,-.18
2016021302,-.19
2016021303,-.19
2016021304,-.19
2016021305,-.19
2016021306,-.20
2016021307,-.20
2016021308,-.20
2016021309,-.20
2016021310,-.20
2016021311,-.21
2016021312,-.21
2016021313,-.22
2016021314,-.22
2016021315,-.22
2016021316,-.22
2016021317,-.22
2016021318,-.18
2016021319,-.11
2016021320,-.01
2016021321,.09
2016021322,.14
2016021323,.15
2016021324,.15
2016021401,.15
2016021402,.13
2016021403,.11
2016021404,.10
2016021405,.10
2016021406,.09
2016021407,.07
2016021408,.06
2016021409,.04
2016021410,.03
2016021411,.02
2016021412,.01
2016021413,.00
2016021414,-.01
2016021415,-.01
2016021416,-.02
2016021417,-.03
2016021418,-.04
2016021419,-.04
2016021420,-.05
2016021421,-.05
2016021422,-.05
2016021423,-.06
2016021424,-.06
2016021501,-.06
2016021502,-.07
2016021503,-.07
2016021504,-.07
2016021505,-.08
2016021506,-.08
2016021507,-.08
2016021508,-.08
2016021509,-.08
2016021510,-.08
2016021511,-.08
2016021512,-.08
2016021513,-.11
2016021514,-.12
2016021515,-.12
2016021516,-.12
2016021517,-.12
2016021518,-.13
2016021519,-.13
2016021520,-.13
2016021521,-.13
2016021522,-.13
2016021523,-.13
2016021524,-.13
2016021601,-.13
2016021602,-.13
2016021603,-.13
2016021604,-.13
2016021605,-.13
2016021606,-.13
2016021607,-.13
2016021608,-.13
2016021609,-.13
2016021610,-.13
2016021611,-.13
2016021612,-.14
2016021613,-.14
2016021614,-.14
2016021615,-.15
2016021616,-.15
2016021617,-.15
2016021618,-.16
2016021619,-.16
2016021620,-.16
2016021621,-.16
2016021622,-.16
2016021623,-.16
2016021624,-.16
2016021701,-.16
2016021702,-.16
2016021703,-.16
2016021704,-.16
2016021705,-.16
2016021706,-.16
2016021707,-.16
2016021708,-.16
2016021709,-.16
2016021710,-.16
2016021711,-.16
2016021712,-.16
2016021713,-.16
2016021714,-.17
2016021715,-.17
2016021716,-.18
2016021717,-.18
2016021718,-.18
2016021719,-.18
2016021720,-.18
2016021721,-.18
2016021722,-.18
2016021723,-.18
2016021724,-.18
2016021801,-.18
2016021802,-.18
2016021803,-.18
2016021804,-.18
2016021805,-.18
2016021806,-.18
2016021807,-.18
2016021808,-.18
2016021809,-.18
2016021810,-.18
2016021811,-.18
2016021812,-.18
2016021813,-.18
2016021814,-.18
2016021815,-.18
2016021816,-.18
2016021817,-.18
2016021818,-.18
2016021819,-.18
2016021820,-.18
2016021821,-.18
2016021822,-.18
2016021823,-.18
2016021824,-.18
2016021901,-.18
2016021902,-.18
2016021903,-.18
2016021904,-.18
2016021905,-.18
2016021906,-.18
2016021907,-.18
2016021908,-.18
2016021909,-.18
2016021910,-.18
2016021911,-.18
2016021912,-.18
2016021913,-.18
2016021914,-.18
2016021915,-.18
2016021916,-.18
2016021917,-.18
2016021918,-.18
2016021919,-.18
2016021920,-.18
2016021921,-.18
2016021922,-.18
2016021923,-.18
2016021924,-.18
2016022001,-.18
2016022002,-.18
2016022003,-.18
2016022004,-.18
2016022005,-.18
2016022006,-.18
2016022007,-.18
2016022008,-.18
2016022009,-.18
2016022010,-.18
2016022011,-.18
2016022012,-.18
2016022013,-.18
2016022014,-.18
2016022015,-.18
2016022016,-.19
2016022017,-.19
2016022018,-.19
2016022019,-.19
2016022020,-.19
2016022021,-.19
2016022022,-.19
2016022023,-.19
2016022024,-.19
2016022101,-.19
2016022102,-.19
2016022103,-.19
2016022104,-.19
2016022105,-.19
2016022106,-.19
2016022107,-.19
2016022108,-.19
2016022109,-.19
2016022110,-.19
2016022111,-.19
2016022112,-.19
2016022113,-.19
2016022114,-.19
2016022115,-.19
2016022116,-.19
2016022117,-.19
2016022118,-.20
2016022119,-.20
2016022120,-.20
2016022121,-.20
2016022122,-.20
2016022123,-.20
2016022124,-.20
2016022201,-.20
2016022202,-.20
2016022203,-.20
2016022204,-.20
2016022205,-.20
2016022206,-.20
2016022207,-.20
2016022208,-.20
2016022209,-.20
2016022210,-.20
2016022211,-.20
2016022212,-.20
2016022213,-.20
2016022214,-.20
2016022215,-.20
2016022216,-.20
2016022217,-.20
2016022218,-.20
2016022219,-.20
2016022220,-.20
2016022221,-.20
2016022222,-.20
2016022223,-.20
2016022224,-.20
2016022301,-.20
2016022302,-.20
2016022303,-.20
2016022304,-.20
2016022305,-.20
2016022306,-.20
2016022307,-.20
2016022308,-.20
2016022309,-.20
2016022310,-.20
2016022311,-.20
2016022312,-.20
2016022313,-.20
2016022314,-.20
2016022315,-.20
2016022316,-.20
2016022317,-.20
2016022318,-.20
2016022319,-.20
2016022320,-.20
2016022321,-.20
2016022322,-.20
2016022323,-.20
2016022324,-.20
2016022401,-.20
2016022402,-.20
2016022403,-.20
2016022404,-.20
2016022405,-.20
2016022406,-.20
2016022407,-.20
2016022408,-.20
2016022409,-.20
2016022410,-.18
2016022411,-.18
2016022412,-.18
2016022413,-.19
2016022414,-.19
2016022415,-.19
2016022416,-.20
2016022417,-.20
2016022418,-.20
2016022419,-.20
2016022420,-.20
2016022421,-.20
2016022422,-.20
2016022423,-.20
2016022424,-.20
2016022501,-.20
2016022502,-.20
2016022503,-.20
2016022504,-.20
2016022505,-.20
2016022506,-.20
2016022507,-.20
2016022508,-.20
2016022509,-.20
2016022510,-.20
2016022511,-.20
2016022512,-.20
2016022513,-.20
2016022514,-.20
2016022515,-.20
2016022516,-.20
2016022517,-.20
2016022518,-.21
2016022519,-.21
2016022520,-.21
2016022521,-.21
2016022522,-.21
2016022523,-.21
2016022524,-.21
2016022601,-.21
2016022602,-.21
2016022603,-.21
2016022604,-.21
2016022605,-.21
2016022606,-.21
2016022607,-.21
2016022608,-.21
2016022609,-.21
2016022610,-.21
2016022611,-.21
2016022612,-.21
2016022613,-.21
2016022614,-.21
2016022615,-.21
2016022616,-.21
2016022617,-.21
2016022618,-.21
2016022619,-.21
2016022620,-.21
2016022621,-.21
2016022622,-.21
2016022623,-.21
2016022624,-.21
2016022701,-.21
2016022702,-.21
2016022703,-.21
2016022704,-.21
2016022705,-.21
2016022706,-.21
2016022707,-.21
2016022708,-.21
2016022709,-.21
2016022710,-.21
2016022711,-.21
2016022712,-.21
2016022713,-.21
2016022714,-.21
2016022715,-.21
2016022716,-.21
2016022717,-.21
2016022718,-.21
2016022719,-.21
2016022720,-.21
2016022721,-.21
2016022722,-.21
2016022723,-.21
2016022724,-.21
2016022801,-.21
2016022802,-.21
2016022803,-.21
2016022804,-.21
2016022805,-.21
2016022806,-.21
2016022807,-.21
2016022808,-.21
2016022809,-.21
2016022810,-.21
2016022811,-.21
2016022812,-.21
2016022813,-.21
2016022814,-.21
2016022815,-.21
2016022816,-.21
2016022817,-.21
2016022818,-.21
2016022819,-.21
2016022820,-.21
2016022821,-.21
2016022822,-.21
2016022823,-.21
2016022824,-.21
2016022901,-.21
2016022902,-.21
2016022903,-.21
2016022904,-.21
2016022905,-.21
2016022906,-.20
2016022907,-.20
2016022908,-.20
2016022909,-.20
2016022910,-.20
2016022911,-.20
2016022912,-.20
2016022913,-.20
2016022914,-.20
2016022915,-.20
2016022916,-.20
2016022917,-.20
2016022918,-.20
2016022919,-.20
2016022920,-.20
2016022921,-.20
2016022922,-.20
2016022923,-.20
2016022924,-.20
2016030101,-.20
2016030102,-.20
2016030103,-.20
2016030104,-.20
2016030105,-.20
2016030106,-.20
2016030107,-.20
2016030108,-.20
2016030109,-.20
2016030110,-.20
2016030111,-.20
2016030112,-.20
2016030113,-.20
2016030114,-.20
2016030115,-.21
2016030116,-.21
2016030117,-.22
2016030118,-.22
2016030119,-.22
2016030120,-.22
2016030121,-.22
2016030122,-.22
2016030123,-.22
2016030124,-.22
2016030201,-.22
2016030202,-.22
2016030203,-.22
2016030204,-.22
2016030205,-.22
2016030206,-.21
2016030207,-.21
2016030208,-.21
2016030209,-.21
2016030210,-.21
2016030211,-.21
2016030212,-.21
2016030213,-.21
2016030214,-.21
2016030215,-.21
2016030216,-.21
2016030217,-.21
2016030218,-.21
2016030219,-.21
2016030220,-.21
2016030221,-.21
2016030222,-.21
2016030223,-.21
2016030224,-.21
2016030301,-.21
2016030302,-.21
2016030303,-.21
2016030304,-.21
2016030305,-.21
2016030306,-.21
2016030307,-.21
2016030308,-.21
2016030309,-.21
2016030310,-.21
2016030311,-.21
2016030312,-.21
2016030313,-.21
2016030314,-.21
2016030315,-.21
2016030316,-.21
2016030317,-.21
2016030318,-.21
2016030319,-.21
2016030320,-.21
2016030321,-.21
2016030322,-.21
2016030323,-.21
2016030324,-.21
2016030401,-.21
2016030402,-.21
2016030403,-.21
2016030404,-.21
2016030405,-.21
2016030406,-.21
2016030407,-.21
2016030408,-.21
2016030409,-.21
2016030410,-.21
2016030411,-.21
2016030412,-.21
2016030413,-.21
2016030414,-.21
2016030415,-.21
2016030416,-.21
2016030417,-.21
2016030418,-.21
2016030419,-.21
2016030420,-.21
2016030421,-.21
2016030422,-.21
2016030423,-.21
2016030424,-.21
2016030501,-.21
2016030502,-.21
2016030503,-.20
2016030504,-.19
2016030505,-.18
2016030506,-.18
2016030507,-.18
2016030508,-.18
2016030509,-.18
2016030510,-.18
2016030511,-.18
2016030512,-.18
2016030513,-.18
2016030514,-.18
2016030515,-.18
2016030516,-.10
2016030517,.08
2016030518,.18
2016030519,.25
2016030520,.29
2016030521,.30
2016030522,.31
2016030523,.29
2016030524,.25
2016030601,.22
2016030602,.20
2016030603,.17
2016030604,.15
2016030605,.13
2016030606,.11
2016030607,.10
2016030608,.08
2016030609,.07
2016030610,.06
2016030611,.06
2016030612,.05
2016030613,.04
2016030614,.03
2016030615,.03
2016030616,.02
2016030617,.02
2016030618,.01
2016030619,.01
2016030620,.01
2016030621,.00
2016030622,.00
2016030623,-.01
2016030624,-.01
2016030701,-.01
2016030702,-.02
2016030703,-.02
2016030704,-.02
2016030705,-.02
2016030706,-.03
2016030707,-.03
2016030708,-.03
2016030709,-.04
2016030710,-.04
2016030711,-.04
2016030712,-.05
2016030713,-.05
2016030714,-.05
2016030715,-.05
2016030716,-.05
2016030717,-.05
2016030718,-.05
2016030719,-.05
2016030720,-.05
2016030721,-.06
2016030722,-.06
2016030723,-.06
2016030724,-.06
2016030801,-.06
2016030802,-.06
2016030803,-.06
2016030804,-.06
2016030805,-.07
2016030806,-.07
2016030807,-.07
2016030808,-.07
2016030809,-.07
2016030810,-.07
2016030811,-.08
2016030812,-.08
2016030813,-.08
2016030814,-.08
2016030815,-.08
2016030816,-.08
2016030817,-.08
2016030818,-.08
2016030819,-.08
2016030820,-.08
2016030821,-.08
2016030822,-.08
2016030823,-.08
2016030824,-.08
2016030901,-.08
2016030902,-.08
2016030903,-.08
2016030904,-.08
2016030905,-.08
2016030906,-.08
2016030907,-.08
2016030908,-.08
2016030909,-.09
2016030910,-.09
2016030911,-.09
2016030912,-.09
2016030913,-.10
2016030914,-.10
2016030915,-.10
2016030916,-.10
2016030917,-.10
2016030918,-.10
2016030919,-.10
2016030920,-.10
2016030921,-.10
2016030922,-.10
2016030923,-.10
2016030924,-.10
2016031001,-.10
2016031002,-.10
2016031003,-.10
2016031004,-.10
2016031005,-.10
2016031006,-.10
2016031007,-.10
2016031008,-.10
2016031009,-.10
2016031010,-.10
2016031011,-.10
2016031012,-.11
2016031013,-.11
2016031014,-.11
2016031015,-.12
2016031016,-.12
2016031017,-.12
2016031018,-.12
2016031019,-.12
2016031020,-.12
2016031021,-.12
2016031022,-.12
2016031023,-.12
2016031024,-.12
2016031101,-.12
2016031102,-.12
2016031103,-.12
2016031104,-.12
2016031105,-.12
2016031106,-.12
2016031107,-.12
2016031108,-.12
2016031109,-.12
2016031110,-.12
2016031111,-.12
2016031112,-.12
2016031113,-.12
2016031114,-.12
2016031115,-.13
2016031116,-.13
2016031117,-.13
2016031118,-.13
2016031119,-.13
2016031120,-.13
2016031121,-.13
2016031122,-.13
2016031123,-.13
2016031124,-.13
2016031201,-.13
2016031202,-.13
2016031203,-.13
2016031204,-.13
2016031205,-.13
2016031206,-.13
2016031207,-.13
2016031208,-.13
2016031209,-.13
2016031210,-.13
2016031211,-.13
2016031212,-.13
2016031213,-.13
2016031214,-.13
2016031215,-.14
2016031216,-.14
2016031217,-.14
2016031218,-.14
2016031219,-.14
2016031220,-.14
2016031221,-.14
2016031222,-.14
2016031223,-.14
2016031224,-.14
2016031301,-.14
2016031302,-.14
2016031303,-.14
2016031304,-.14
2016031305,-.14
2016031306,-.14
2016031307,-.14
2016031308,-.14
2016031309,-.14
2016031310,-.14
2016031311,-.14
2016031312,-.14
2016031313,-.14
2016031314,-.14
2016031315,-.15
2016031316,-.15
2016031317,-.15
2016031318,-.15
2016031319,-.15
2016031320,-.15
2016031321,-.15
2016031322,-.15
2016031323,-.15
2016031324,-.15
2016031401,-.15
2016031402,-.15
2016031403,-.15
2016031404,-.15
2016031405,-.15
2016031406,-.15
2016031407,-.15
2016031408,-.15
2016031409,-.15
2016031410,-.15
2016031411,-.15
2016031412,-.15
2016031413,-.15
2016031414,-.15
2016031415,-.15
2016031416,-.15
2016031417,-.15
2016031418,-.15
2016031419,-.15
2016031420,-.15
2016031421,-.15
2016031422,-.15
2016031423,-.15
2016031424,-.15
2016031501,-.15
2016031502,-.15
2016031503,-.15
2016031504,-.15
2016031505,-.15
2016031506,-.15
2016031507,-.15
2016031508,-.15
2016031509,-.15
2016031510,-.15
2016031511,-.15
2016031512,-.15
2016031513,-.15
2016031514,-.15
2016031515,-.16
2016031516,-.16
2016031517,-.16
2016031518,-.16
2016031519,-.16
2016031520,-.16
2016031521,-.16
2016031522,-.16
2016031523,-.16
2016031524,-.16
2016031601,-.16
2016031602,-.16
2016031603,-.16
2016031604,-.16
2016031605,-.16
2016031606,-.16
2016031607,-.16
2016031608,-.16
2016031609,-.16
2016031610,-.16
2016031611,-.16
2016031612,-.16
2016031613,-.16
2016031614,-.16
2016031615,-.16
2016031616,-.17
2016031617,-.17
2016031618,-.17
2016031619,-.17
2016031620,-.17
2016031621,-.17
2016031622,-.17
2016031623,-.17
2016031624,-.17
2016031701,-.17
2016031702,-.17
2016031703,-.17
2016031704,-.17
2016031705,-.17
2016031706,-.17
2016031707,-.17
2016031708,-.17
2016031709,-.17
2016031710,-.17
2016031711,-.17
2016031712,-.17
2016031713,-.17
2016031714,-.17
2016031715,-.17
2016031716,-.17
2016031717,-.17
2016031718,-.17
2016031719,-.17
2016031720,-.17
2016031721,-.17
2016031722,-.17
2016031723,-.17
2016031724,-.17
2016031801,-.17
2016031802,-.17
2016031803,-.17
2016031804,-.17
2016031805,-.17
2016031806,-.17
2016031807,-.17
2016031808,-.17
2016031809,-.17
2016031810,-.17
2016031811,-.17
2016031812,-.17
2016031813,-.17
2016031814,-.17
2016031815,-.17
2016031816,-.17
2016031817,-.17
2016031818,-.17
2016031819,-.17
2016031820,-.17
2016031821,-.17
2016031822,-.17
2016031823,-.17
2016031824,-.17
2016031901,-.17
2016031902,-.17
2016031903,-.17
2016031904,-.17
2016031905,-.17
2016031906,-.17
2016031907,-.17
2016031908,-.17
2016031909,-.17
2016031910,-.17
2016031911,-.17
2016031912,-.17
2016031913,-.17
2016031914,-.17
2016031915,-.17
2016031916,-.17
2016031917,-.17
2016031918,-.17
2016031919,-.17
2016031920,-.17
2016031921,-.17
2016031922,-.17
2016031923,-.17
2016031924,-.17
2016032001,-.17
2016032002,-.17
2016032003,-.17
2016032004,-.17
2016032005,-.17
2016032006,-.17
2016032007,-.17
2016032008,-.17
2016032009,-.17
2016032010,-.17
2016032011,-.17
2016032012,-.17
2016032013,-.17
2016032014,-.17
2016032015,-.17
2016032016,-.17
2016032017,-.17
2016032018,-.17
2016032019,-.17
2016032020,-.17
2016032021,-.17
2016032022,-.17
2016032023,-.17
2016032024,-.17
2016032101,-.17
2016032102,-.17
2016032103,-.17
2016032104,-.17
2016032105,-.17
2016032106,-.17
2016032107,-.17
2016032108,-.17
2016032109,-.17
2016032110,-.17
2016032111,-.17
2016032112,-.17
2016032113,-.18
2016032114,-.18
2016032115,-.18
2016032116,-.18
2016032117,-.18
2016032118,-.18
2016032119,-.18
2016032120,-.18
2016032121,-.18
2016032122,-.18
2016032123,-.18
2016032124,-.18
2016032201,-.18
2016032202,-.18
2016032203,-.18
2016032204,-.18
2016032205,-.18
2016032206,-.18
2016032207,-.18
2016032208,-.18
2016032209,-.18
2016032210,-.18
2016032211,-.18
2016032212,-.18
2016032213,-.18
2016032214,-.18
2016032215,-.18
2016032216,-.18
2016032217,-.18
2016032218,-.18
2016032219,-.18
2016032220,-.18
2016032221,-.18
2016032222,-.18
2016032223,-.18
2016032224,-.18
2016032301,-.18
2016032302,-.18
2016032303,-.18
2016032304,-.18
2016032305,-.18
2016032306,-.18
2016032307,-.18
2016032308,-.18
2016032309,-.18
2016032310,-.18
2016032311,-.18
2016032312,-.18
2016032313,-.18
2016032314,-.18
2016032315,-.18
2016032316,-.18
2016032317,-.18
2016032318,-.18
2016032319,-.18
2016032320,-.18
2016032321,-.18
2016032322,-.18
2016032323,-.18
2016032324,-.18
2016032401,-.18
2016032402,-.18
2016032403,-.18
2016032404,-.18
2016032405,-.18
2016032406,-.18
2016032407,-.18
2016032408,-.18
2016032409,-.18
2016032410,-.18
2016032411,-.18
2016032412,-.18
2016032413,-.18
2016032414,-.18
2016032415,-.19
2016032416,-.19
2016032417,-.19
2016032418,-.19
2016032419,-.19
2016032420,-.19
2016032421,-.19
2016032422,-.19
2016032423,-.19
2016032424,-.19
2016032501,-.19
2016032502,-.19
2016032503,-.19
2016032504,-.19
2016032505,-.19
2016032506,-.19
2016032507,-.19
2016032508,-.19
2016032509,-.19
2016032510,-.19
2016032511,-.19
2016032512,-.19
2016032513,-.19
2016032514,-.19
2016032515,-.19
2016032516,-.19
2016032517,-.19
2016032518,-.19
2016032519,-.19
2016032520,-.19
2016032521,-.19
2016032522,-.19
2016032523,-.19
2016032524,-.19
2016032601,-.19
2016032602,-.19
2016032603,-.19
2016032604,-.19
2016032605,-.19
2016032606,-.19
2016032607,-.19
2016032608,-.19
2016032609,-.19
2016032610,-.19
2016032611,-.19
2016032612,-.19
2016032613,-.19
2016032614,-.19
2016032615,-.19
2016032616,-.19
2016032617,-.19
2016032618,-.19
2016032619,-.19
2016032620,-.19
2016032621,-.19
2016032622,-.19
2016032623,-.19
2016032624,-.19
2016032701,-.19
2016032702,-.19
2016032703,-.19
2016032704,-.19
2016032705,-.19
2016032706,-.19
2016032707,-.19
2016032708,-.19
2016032709,-.19
2016032710,-.19
2016032711,-.19
2016032712,-.19
2016032713,-.19
2016032714,-.19
2016032715,-.19
2016032716,-.19
2016032717,-.19
2016032718,-.20
2016032719,-.20
2016032720,-.20
2016032721,-.20
2016032722,-.20
2016032723,-.20
2016032724,-.20
2016032801,-.20
2016032802,-.20
2016032803,-.20
2016032804,-.20
2016032805,-.20
2016032806,-.20
2016032807,-.20
2016032808,-.20
2016032809,-.20
2016032810,-.20
2016032811,-.20
2016032812,-.20
2016032813,-.20
2016032814,-.20
2016032815,-.20
2016032816,-.20
2016032817,-.20
2016032818,-.20
2016032819,-.20
2016032820,-.20
2016032821,-.20
2016032822,-.20
2016032823,-.20
2016032824,-.20
2016032901,-.20
2016032902,-.20
2016032903,-.20
2016032904,-.20
2016032905,-.20
2016032906,-.20
2016032907,-.20
2016032908,-.20
2016032909,-.20
2016032910,-.20
2016032911,-.20
2016032912,-.20
2016032913,-.20
2016032914,-.20
2016032915,-.20
2016032916,-.20
2016032917,-.20
2016032918,-.20
2016032919,-.20
2016032920,-.20
2016032921,-.20
2016032922,-.20
2016032923,-.20
2016032924,-.20
2016033001,-.20
2016033002,-.20
2016033003,-.20
2016033004,-.20
2016033005,-.20
2016033006,-.20
2016033007,-.20
2016033008,-.20
2016033009,-.20
2016033010,-.20
2016033011,-.20
2016033012,-.20
2016033013,-.20
2016033014,-.20
2016033015,-.20
2016033016,-.20
2016033017,-.20
2016033018,-.20
2016033019,-.20
2016033020,-.20
2016033021,-.20
2016033022,-.20
2016033023,-.20
2016033024,-.20
2016033101,-.20
2016033102,-.20
2016033103,-.20
2016033104,-.20
2016033105,-.20
2016033106,-.20
2016033107,-.20
2016033108,-.20
2016033109,-.20
2016033110,-.20
2016033111,-.20
2016033112,-.20
2016033113,-.20
2016033114,-.20
2016033115,-.20
2016033116,-.20
2016033117,-.20
2016033118,-.20
2016033119,-.20
2016033120,-.20
2016033121,-.20
2016033122,-.20
2016033123,-.20
2016033124,-.20
2016040101,-.20
2016040102,-.20
2016040103,-.20
2016040104,-.20
2016040105,-.20
2016040106,-.20
2016040107,-.20
2016040108,-.20
2016040109,-.20
2016040110,-.20
2016040111,-.20
2016040112,-.20
2016040113,-.20
2016040114,-.20
2016040115,-.20
2016040116,-.20
2016040117,-.20
2016040118,-.20
2016040119,-.20
2016040120,-.20
2016040121,-.20
2016040122,-.20
2016040123,-.20
2016040124,-.20
2016040201,-.20
2016040202,-.20
2016040203,-.20
2016040204,-.20
2016040205,-.20
2016040206,-.20
2016040207,-.20
2016040208,-.20
2016040209,-.20
2016040210,-.20
2016040211,-.20
2016040212,-.20
2016040213,-.20
2016040214,-.20
2016040215,-.21
2016040216,-.21
2016040217,-.21
2016040218,-.21
2016040219,-.21
2016040220,-.21
2016040221,-.21
2016040222,-.21
2016040223,-.21
2016040224,-.21
2016040301,-.21
2016040302,-.21
2016040303,-.21
2016040304,-.21
2016040305,-.21
2016040306,-.21
2016040307,-.21
2016040308,-.21
2016040309,-.21
2016040310,-.21
2016040311,-.21
2016040312,-.21
2016040313,-.21
2016040314,-.21
2016040315,-.21
2016040316,-.21
2016040317,-.21
2016040318,-.21
2016040319,-.21
2016040320,-.21
2016040321,-.21
2016040322,-.21
2016040323,-.21
2016040324,-.21
2016040401,-.21
2016040402,-.21
2016040403,-.21
2016040404,-.21
2016040405,-.21
2016040406,-.21
2016040407,-.21
2016040408,-.21
2016040409,-.21
2016040410,-.21
2016040411,-.21
2016040412,-.21
2016040413,-.21
2016040414,-.21
2016040415,-.21
2016040416,-.21
2016040417,-.21
2016040418,-.21
2016040419,-.21
2016040420,-.21
2016040421,-.21
2016040422,-.21
2016040423,-.21
2016040424,-.21
2016040501,-.21
2016040502,-.21
2016040503,-.21
2016040504,-.21
2016040505,-.21
2016040506,-.21
2016040507,-.21
2016040508,-.21
2016040509,-.21
2016040510,-.21
2016040511,-.21
2016040512,-.21
2016040513,-.21
2016040514,-.21
2016040515,-.21
2016040516,-.21
2016040517,-.21
2016040518,-.21
2016040519,-.21
2016040520,-.21
2016040521,-.21
2016040522,-.21
2016040523,-.21
2016040524,-.21
2016040601,-.21
2016040602,-.21
2016040603,-.21
2016040604,-.21
2016040605,-.21
2016040606,-.21
2016040607,-.21
2016040608,-.21
2016040609,-.21
2016040610,-.21
2016040611,-.21
2016040612,-.21
2016040613,-.21
2016040614,-.21
2016040615,-.21
2016040616,-.21
2016040617,-.21
2016040618,-.21
2016040619,-.21
2016040620,-.21
2016040621,-.21
2016040622,-.21
2016040623,-.21
2016040624,-.21
2016040701,-.21
2016040702,-.21
2016040703,-.21
2016040704,-.20
2016040705,-.19
2016040706,-.18
2016040707,-.17
2016040708,-.17
2016040709,-.17
2016040710,-.17
2016040711,-.17
2016040712,-.16
2016040713,-.16
2016040714,-.16
2016040715,-.16
2016040716,-.16
2016040717,-.16
2016040718,-.16
2016040719,-.16
2016040720,-.16
2016040721,-.16
2016040722,-.16
2016040723,-.17
2016040724,-.17
2016040801,-.17
2016040802,-.17
2016040803,-.17
2016040804,-.17
2016040805,-.17
2016040806,-.17
2016040807,-.17
2016040808,-.17
2016040809,-.18
2016040810,-.18
2016040811,-.18
2016040812,-.18
2016040813,-.18
2016040814,-.18
2016040815,-.19
2016040816,-.19
2016040817,-.19
2016040818,-.19
2016040819,-.19
2016040820,-.19
2016040821,-.19
2016040822,-.19
2016040823,-.19
2016040824,-.19
2016040901,-.19
2016040902,-.19
2016040903,-.19
2016040904,-.19
2016040905,-.19
2016040906,-.19
2016040907,-.19
2016040908,-.19
2016040909,-.19
2016040910,-.20
2016040911,-.20
2016040912,-.20
2016040913,-.20
2016040914,-.20
2016040915,-.20
2016040916,-.20
2016040917,-.20
2016040918,-.20
2016040919,-.20
2016040920,-.20
2016040921,-.20
2016040922,-.20
2016040923,-.20
2016040924,-.20
2016041001,-.20
2016041002,-.20
2016041003,-.20
2016041004,-.20
2016041005,-.20
2016041006,-.20
2016041007,-.20
2016041008,-.20
2016041009,-.20
2016041010,-.20
2016041011,-.20
2016041012,-.20
2016041013,-.20
2016041014,-.20
2016041015,-.20
2016041016,-.20
2016041017,-.21
2016041018,-.21
2016041019,-.21
2016041020,-.21
2016041021,-.21
2016041022,-.21
2016041023,-.21
2016041024,-.21
2016041101,-.21
2016041102,-.21
2016041103,-.21
2016041104,-.21
2016041105,-.21
2016041106,-.21
2016041107,-.21
2016041108,-.21
2016041109,-.21
2016041110,-.21
2016041111,-.21
2016041112,-.21
2016041113,-.21
2016041114,-.21
2016041115,-.21
2016041116,-.21
2016041117,-.21
2016041118,-.21
2016041119,-.21
2016041120,-.21
2016041121,-.21
2016041122,-.21
2016041123,-.21
2016041124,-.21
2016041201,-.21
2016041202,-.21
2016041203,-.21
2016041204,-.21
2016041205,-.21
2016041206,-.21
2016041207,-.21
2016041208,-.21
2016041209,-.21
2016041210,-.21
2016041211,-.21
2016041212,-.21
2016041213,-.21
2016041214,-.21
2016041215,-.21
2016041216,-.21
2016041217,-.21
2016041218,-.21
2016041219,-.21
2016041220,-.21
2016041221,-.21
2016041222,-.21
2016041223,-.21
2016041224,-.21
2016041301,-.21
2016041302,-.21
2016041303,-.21
2016041304,-.21
2016041305,-.21
2016041306,-.21
2016041307,-.21
2016041308,-.21
2016041309,-.21
2016041310,-.21
2016041311,-.21
2016041312,-.21
2016041313,-.21
2016041314,-.21
2016041315,-.21
2016041316,-.21
2016041317,-.21
2016041318,-.21
2016041319,-.21
2016041320,-.21
2016041321,-.21
2016041322,-.21
2016041323,-.21
2016041324,-.21
2016041401,-.21
2016041402,-.21
2016041403,-.21
2016041404,-.21
2016041405,-.21
2016041406,-.21
2016041407,-.21
2016041408,-.21
2016041409,-.21
2016041410,-.21
2016041411,-.21
2016041412,-.21
2016041413,-.21
2016041414,-.21
2016041415,-.21
2016041416,-.21
2016041417,-.21
2016041418,-.21
2016041419,-.21
2016041420,-.21
2016041421,-.21
2016041422,-.21
2016041423,-.21
2016041424,-.21
2016041501,-.21
2016041502,-.21
2016041503,-.21
2016041504,-.21
2016041505,-.21
2016041506,-.21
2016041507,-.21
2016041508,-.21
2016041509,-.21
2016041510,-.21
2016041511,-.21
2016041512,-.21
2016041513,-.21
2016041514,-.21
2016041515,-.21
2016041516,-.21
2016041517,-.21
2016041518,-.21
2016041519,-.21
2016041520,-.21
2016041521,-.21
2016041522,-.21
2016041523,-.21
2016041524,-.21
2016041601,-.21
2016041602,-.21
2016041603,-.21
2016041604,-.21
2016041605,-.21
2016041606,-.21
2016041607,-.21
2016041608,-.21
2016041609,-.21
2016041610,-.21
2016041611,-.21
2016041612,-.21
2016041613,-.21
2016041614,-.21
2016041615,-.21
2016041616,-.21
2016041617,-.21
2016041618,-.22
2016041619,-.22
2016041620,-.22
2016041621,-.21
2016041622,-.15
2016041623,-.08
2016041624,-.01
2016041701,.04
2016041702,.09
2016041703,.16
2016041704,.17
2016041705,.21
2016041706,.22
2016041707,.22
2016041708,.20
2016041709,.17
2016041710,.15
2016041711,.13
2016041712,.11
2016041713,.09
2016041714,.08
2016041715,.06
2016041716,.05
2016041717,.04
2016041718,.03
2016041719,.03
2016041720,.02
2016041721,.02
2016041722,.02
2016041723,.02
2016041724,.01
2016041801,.01
2016041802,.01
2016041803,.00
2016041804,.00
2016041805,-.01
2016041806,-.01
2016041807,-.02
2016041808,-.02
2016041809,-.02
2016041810,-.03
2016041811,-.03
2016041812,-.03
2016041813,-.03
2016041814,-.03
2016041815,-.04
2016041816,-.04
2016041817,-.04
2016041818,-.04
2016041819,-.04
2016041820,-.04
2016041821,-.04
2016041822,-.04
2016041823,-.04
2016041824,-.04
2016041901,-.04
2016041902,-.04
2016041903,-.04
2016041904,-.04
2016041905,-.04
2016041906,-.05
2016041907,-.05
2016041908,-.05
2016041909,-.06
2016041910,-.06
2016041911,-.06
2016041912,-.06
2016041913,-.06
2016041914,-.07
2016041915,-.07
2016041916,-.07
2016041917,-.07
2016041918,-.07
2016041919,-.07
2016041920,-.07
2016041921,-.08
2016041922,-.08
2016041923,-.08
2016041924,-.08
2016042001,-.08
2016042002,-.08
2016042003,-.08
2016042004,-.08
2016042005,-.08
2016042006,-.09
2016042007,-.09
2016042008,-.09
2016042009,-.09
2016042010,-.09
2016042011,-.09
2016042012,-.09
2016042013,-.10
2016042014,-.10
2016042015,-.10
2016042016,-.10
2016042017,-.10
2016042018,-.10
2016042019,-.10
2016042020,-.10
2016042021,-.10
2016042022,-.10
2016042023,-.10
2016042024,-.10
2016042101,-.10
2016042102,-.10
2016042103,-.10
2016042104,-.10
2016042105,-.09
2016042106,-.07
2016042107,-.05
2016042108,-.04
2016042109,-.01
2016042110,.02
2016042111,.02
2016042112,.02
2016042113,.02
2016042114,.02
2016042115,.02
2016042116,.01
2016042117,.01
2016042118,.01
2016042119,.00
2016042120,-.01
2016042121,-.01
2016042122,-.02
2016042123,-.02
2016042124,-.03
2016042201,-.03
2016042202,-.04
2016042203,-.04
2016042204,-.04
2016042205,-.05
2016042206,-.05
2016042207,-.05
2016042208,-.05
2016042209,-.06
2016042210,-.06
2016042211,-.06
2016042212,-.07
2016042213,-.07
2016042214,-.07
2016042215,-.07
2016042216,-.07
2016042217,-.07
2016042218,-.07
2016042219,-.07
2016042220,-.07
2016042221,-.07
2016042222,-.07
2016042223,-.07
2016042224,-.07
2016042301,-.07
2016042302,-.07
2016042303,-.07
2016042304,-.07
2016042305,-.07
2016042306,-.07
2016042307,-.07
2016042308,-.07
2016042309,-.07
2016042310,-.07
2016042311,-.07
2016042312,-.07
2016042313,-.07
2016042314,-.08
2016042315,-.08
2016042316,-.08
2016042317,-.08
2016042318,-.08
2016042319,-.08
2016042320,-.08
2016042321,-.08
2016042322,-.08
2016042323,-.08
2016042324,-.08
2016042401,-.08
2016042402,-.08
2016042403,-.08
2016042404,-.08
2016042405,-.08
2016042406,-.08
2016042407,-.08
2016042408,-.08
2016042409,-.08
2016042410,-.08
2016042411,-.09
2016042412,-.09
2016042413,-.09
2016042414,-.09
2016042415,-.09
2016042416,-.09
2016042417,-.09
2016042418,-.09
2016042419,-.09
2016042420,-.09
2016042421,-.09
2016042422,-.09
2016042423,-.09
2016042424,-.09
2016042501,-.09
2016042502,-.09
2016042503,-.09
2016042504,-.09
2016042505,-.09
2016042506,-.09
2016042507,-.09
2016042508,-.09
2016042509,-.09
2016042510,-.10
2016042511,-.10
2016042512,-.10
2016042513,-.10
2016042514,-.10
2016042515,-.10
2016042516,-.10
2016042517,-.10
2016042518,-.10
2016042519,-.10
2016042520,-.10
2016042521,-.10
2016042522,-.10
2016042523,-.10
2016042524,-.10
2016042601,-.10
2016042602,-.10
2016042603,-.10
2016042604,-.10
2016042605,-.10
2016042606,-.10
2016042607,-.11
2016042608,-.11
2016042609,-.11
2016042610,-.11
2016042611,-.11
2016042612,-.11
2016042613,-.11
2016042614,-.11
2016042615,-.11
2016042616,-.11
2016042617,-.11
2016042618,-.11
2016042619,-.11
2016042620,-.11
2016042621,-.11
2016042622,-.11
2016042623,-.11
2016042624,-.11
2016042701,-.11
2016042702,-.12
2016042703,-.12
2016042704,-.12
2016042705,-.12
2016042706,-.12
2016042707,-.12
2016042708,-.12
2016042709,-.12
2016042710,-.12
2016042711,-.12
2016042712,-.13
2016042713,-.13
2016042714,-.13
2016042715,-.13
2016042716,-.13
2016042717,-.13
2016042718,-.13
2016042719,-.13
2016042720,-.13
2016042721,-.13
2016042722,-.13
2016042723,-.13
2016042724,-.13
2016042801,-.13
2016042802,-.13
2016042803,-.13
2016042804,-.13
2016042805,-.13
2016042806,-.13
2016042807,-.13
2016042808,-.13
2016042809,-.13
2016042810,-.13
2016042811,-.13
2016042812,-.13
2016042813,-.13
2016042814,-.13
2016042815,-.13
2016042816,-.13
2016042817,-.13
2016042818,-.13
2016042819,-.13
2016042820,-.13
2016042821,-.13
2016042822,-.13
2016042823,-.13
2016042824,-.13
2016042901,-.13
2016042902,-.13
2016042903,-.13
2016042904,-.13
2016042905,-.13
2016042906,-.13
2016042907,-.13
2016042908,-.13
2016042909,-.14
2016042910,-.14
2016042911,-.14
2016042912,-.14
2016042913,-.14
2016042914,-.14
2016042915,-.14
2016042916,-.14
2016042917,-.14
2016042918,-.14
2016042919,-.14
2016042920,-.14
2016042921,-.14
2016042922,-.14
2016042923,-.14
2016042924,-.14
2016043001,-.14
2016043002,-.14
2016043003,-.14
2016043004,-.14
2016043005,-.14
2016043006,-.14
2016043007,-.14
2016043008,-.14
2016043009,-.14
2016043010,-.14
2016043011,-.14
2016043012,-.14
2016043013,-.15
2016043014,-.15
2016043015,-.15
2016043016,-.15
2016043017,-.15
2016043018,-.15
2016043019,-.15
2016043020,-.15
2016043021,-.15
2016043022,-.15
2016043023,-.15
2016043024,-.15
2016050101,-.15
2016050102,-.15
2016050103,-.15
2016050104,-.15
2016050105,-.15
2016050106,-.15
2016050107,-.15
2016050108,-.15
2016050109,-.15
2016050110,-.15
2016050111,-.15
2016050112,-.15
2016050113,-.15
2016050114,-.15
2016050115,-.15
2016050116,-.15
2016050117,-.15
2016050118,-.15
2016050119,-.15
2016050120,-.15
2016050121,-.15
2016050122,-.15
2016050123,-.15
2016050124,-.15
2016050201,-.15
2016050202,-.15
2016050203,-.15
2016050204,-.15
2016050205,-.15
2016050206,-.15
2016050207,-.15
2016050208,-.15
2016050209,-.15
2016050210,-.15
2016050211,-.15
2016050212,-.15
2016050213,-.16
2016050214,-.16
2016050215,-.16
2016050216,-.16
2016050217,-.16
2016050218,-.16
2016050219,-.16
2016050220,-.16
2016050221,-.16
2016050222,-.16
2016050223,-.14
2016050224,-.10
2016050301,-.02
2016050302,.03
2016050303,.04
2016050304,.08
2016050305,.12
2016050306,.14
2016050307,.14
2016050308,.14
2016050309,.15
2016050310,.16
2016050311,.18
2016050312,.22
2016050313,.24
2016050314,.24
2016050315,.26
2016050316,.26
2016050317,.24
2016050318,.22
2016050319,.20
2016050320,.18
2016050321,.16
2016050322,.15
2016050323,.15
2016050324,.15
2016050401,.15
2016050402,.15
2016050403,.15
2016050404,.15
2016050405,.15
2016050406,.14
2016050407,.14
2016050408,.13
2016050409,.12
2016050410,.11
2016050411,.10
2016050412,.10
2016050413,.09
2016050414,.09
2016050415,.09
2016050416,.08
2016050417,.08
2016050418,.08
2016050419,.07
2016050420,.07
2016050421,.07
2016050422,.07
2016050423,.07
2016050424,.06
2016050501,.06
2016050502,.06
2016050503,.06
2016050504,.06
2016050505,.05
2016050506,.05
2016050507,.05
2016050508,.04
2016050509,.04
2016050510,.04
2016050511,.04
2016050512,.03
2016050513,.03
2016050514,.03
2016050515,.03
2016050516,.03
2016050517,.03
2016050518,.03
2016050519,.02
2016050520,.02
2016050521,.02
2016050522,.02
2016050523,.02
2016050524,.02
2016050601,.02
2016050602,.02
2016050603,.02
2016050604,.02
2016050605,.02
2016050606,.02
2016050607,.02
2016050608,.02
2016050609,.02
2016050610,.02
2016050611,.02
2016050612,.02
2016050613,.03
2016050614,.03
2016050615,.03
2016050616,.03
2016050617,.03
2016050618,.03
2016050619,.03
2016050620,.03
2016050621,.03
2016050622,.03
2016050623,.03
2016050624,.02
2016050701,.02
2016050702,.01
2016050703,.01
2016050704,.01
2016050705,.00
2016050706,.00
2016050707,.00
2016050708,-.01
2016050709,-.01
2016050710,-.01
2016050711,-.01
2016050712,-.02
2016050713,-.02
2016050714,-.02
2016050715,-.02
2016050716,-.02
2016050717,-.02
2016050718,-.02
2016050719,-.02
2016050720,-.02
2016050721,-.02
2016050722,-.03
2016050723,-.03
2016050724,-.03
2016050801,-.03
2016050802,-.03
2016050803,-.03
2016050804,-.03
2016050805,-.03
2016050806,-.03
2016050807,-.03
2016050808,-.04
2016050809,-.04
2016050810,-.04
2016050811,-.04
2016050812,-.04
2016050813,-.04
2016050814,-.04
2016050815,-.04
2016050816,-.04
2016050817,-.04
2016050818,-.04
2016050819,-.04
2016050820,-.04
2016050821,-.04
2016050822,-.05
2016050823,-.05
2016050824,-.05
2016050901,-.05
2016050902,-.05
2016050903,-.05
2016050904,-.05
2016050905,-.05
2016050906,-.05
2016050907,-.05
2016050908,-.05
2016050909,-.05
2016050910,-.06
2016050911,-.06
2016050912,-.06
2016050913,-.06
2016050914,-.06
2016050915,-.06
2016050916,-.06
2016050917,-.06
2016050918,-.06
2016050919,-.06
2016050920,-.06
2016050921,-.06
2016050922,-.06
2016050923,-.06
2016050924,-.06
2016051001,-.06
2016051002,-.06
2016051003,-.06
2016051004,-.06
2016051005,-.06
2016051006,-.06
2016051007,-.06
2016051008,-.06
2016051009,-.06
2016051010,-.06
2016051011,-.06
2016051012,-.06
2016051013,-.06
2016051014,-.04
2016051015,-.03
2016051016,-.02
2016051017,-.02
2016051018,-.02
2016051019,-.02
2016051020,-.02
2016051021,-.02
2016051022,-.02
2016051023,-.02
2016051024,-.02
2016051101,-.02
2016051102,-.02
2016051103,-.02
2016051104,-.02
2016051105,-.03
2016051106,-.03
2016051107,-.03
2016051108,-.04
2016051109,-.04
2016051110,-.05
2016051111,-.05
2016051112,-.05
2016051113,-.05
2016051114,-.05
2016051115,-.05
2016051116,-.05
2016051117,-.05
2016051118,-.06
2016051119,-.06
2016051120,-.06
2016051121,-.06
2016051122,-.06
2016051123,-.06
2016051124,-.06
2016051201,-.06
2016051202,-.06
2016051203,-.07
2016051204,-.07
2016051205,-.07
2016051206,-.07
2016051207,-.07
2016051208,-.07
2016051209,-.07
2016051210,-.08
2016051211,-.08
2016051212,-.08
2016051213,-.08
2016051214,-.08
2016051215,-.08
2016051216,-.08
2016051217,-.08
2016051218,-.08
2016051219,-.08
2016051220,-.08
2016051221,-.08
2016051222,-.08
2016051223,-.08
2016051224,-.08
2016051301,-.08
2016051302,-.08
2016051303,-.08
2016051304,-.08
2016051305,-.09
2016051306,-.09
2016051307,-.09
2016051308,-.09
2016051309,-.09
2016051310,-.09
2016051311,-.09
2016051312,-.09
2016051313,-.09
2016051314,-.09
2016051315,-.09
2016051316,-.09
2016051317,-.09
2016051318,-.09
2016051319,-.09
2016051320,-.09
2016051321,-.09
2016051322,-.09
2016051323,-.10
2016051324,-.10
2016051401,-.10
2016051402,-.10
2016051403,-.10
2016051404,-.10
2016051405,-.10
2016051406,-.10
2016051407,-.10
2016051408,-.10
2016051409,-.10
2016051410,-.10
2016051411,-.10
2016051412,-.10
2016051413,-.11
2016051414,-.11
2016051415,-.11
2016051416,-.11
2016051417,-.11
2016051418,-.11
2016051419,-.11
2016051420,-.11
2016051421,-.11
2016051422,-.11
2016051423,-.11
2016051424,-.11
2016051501,-.11
2016051502,-.11
2016051503,-.11
2016051504,-.11
2016051505,-.11
2016051506,-.11
2016051507,-.11
2016051508,-.11
2016051509,-.11
2016051510,-.11
2016051511,-.11
2016051512,-.11
2016051513,-.12
2016051514,-.12
2016051515,-.12
2016051516,-.12
2016051517,-.12
2016051518,-.10
2016051519,-.03
2016051520,.08
2016051521,.14
2016051522,.27
2016051523,.30
2016051524,.31
2016051601,.31
2016051602,.29
2016051603,.28
2016051604,.28
2016051605,.26
2016051606,.24
2016051607,.22
2016051608,.20
2016051609,.18
2016051610,.16
2016051611,.15
2016051612,.13
2016051613,.12
2016051614,.11
2016051615,.11
2016051616,.10
2016051617,.09
2016051618,.08
2016051619,.08
2016051620,.07
2016051621,.07
2016051622,.07
2016051623,.06
2016051624,.06
2016051701,.06
2016051702,.05
2016051703,.05
2016051704,.05
2016051705,.04
2016051706,.04
2016051707,.04
2016051708,.03
2016051709,.03
2016051710,.03
2016051711,.03
2016051712,.03
2016051713,.02
2016051714,.02
2016051715,.02
2016051716,.02
2016051717,.02
2016051718,.02
2016051719,.02
2016051720,.01
2016051721,.01
2016051722,.01
2016051723,.01
2016051724,.01
2016051801,.01
2016051802,.01
2016051803,.00
2016051804,.00
2016051805,.00
2016051806,.00
2016051807,-.01
2016051808,-.01
2016051809,-.01
2016051810,-.01
2016051811,-.02
2016051812,-.02
2016051813,-.02
2016051814,-.02
2016051815,-.02
2016051816,-.02
2016051817,-.02
2016051818,-.02
2016051819,-.02
2016051820,-.02
2016051821,-.02
2016051822,-.03
2016051823,-.03
2016051824,-.03
2016051901,-.03
2016051902,-.03
2016051903,-.03
2016051904,-.03
2016051905,-.03
2016051906,-.03
2016051907,-.03
2016051908,-.04
2016051909,-.04
2016051910,-.04
2016051911,-.04
2016051912,-.04
2016051913,-.04
2016051914,-.04
2016051915,-.04
2016051916,-.04
2016051917,-.04
2016051918,-.04
2016051919,-.04
2016051920,-.05
2016051921,-.05
2016051922,-.05
2016051923,-.05
2016051924,-.05
2016052001,-.05
2016052002,-.05
2016052003,-.05
2016052004,-.05
2016052005,-.05
2016052006,-.05
2016052007,-.06
2016052008,-.06
2016052009,-.06
2016052010,-.06
2016052011,-.06
2016052012,-.06
2016052013,-.06
2016052014,-.06
2016052015,-.06
2016052016,-.06
2016052017,-.06
2016052018,-.06
2016052019,-.06
2016052020,-.06
2016052021,-.06
2016052022,-.07
2016052023,-.07
2016052024,-.07
2016052101,-.07
2016052102,-.07
2016052103,-.07
2016052104,-.07
2016052105,-.07
2016052106,-.07
2016052107,-.07
2016052108,-.07
2016052109,-.08
2016052110,-.08
2016052111,-.08
2016052112,-.08
2016052113,-.08
2016052114,-.08
2016052115,-.08
2016052116,-.08
2016052117,-.08
2016052118,-.08
2016052119,-.08
2016052120,-.08
2016052121,-.08
2016052122,-.08
2016052123,-.08
2016052124,-.08
2016052201,-.08
2016052202,-.09
2016052203,-.09
2016052204,-.09
2016052205,-.09
2016052206,-.09
2016052207,-.09
2016052208,-.09
2016052209,-.09
2016052210,-.09
2016052211,-.09
2016052212,-.10
2016052213,-.10
2016052214,-.10
2016052215,-.10
2016052216,-.10
2016052217,-.10
2016052218,-.10
2016052219,-.10
2016052220,-.10
2016052221,-.10
2016052222,-.10
2016052223,-.10
2016052224,-.10
2016052301,-.10
2016052302,-.10
2016052303,-.10
2016052304,-.10
2016052305,-.10
2016052306,-.10
2016052307,-.10
2016052308,-.10
2016052309,-.10
2016052310,-.10
2016052311,-.10
2016052312,-.11
2016052313,-.11
2016052314,-.11
2016052315,-.11
2016052316,-.11
2016052317,-.11
2016052318,-.11
2016052319,-.11
2016052320,-.11
2016052321,-.11
2016052322,-.11
2016052323,-.11
2016052324,-.11
2016052401,-.11
2016052402,-.11
2016052403,-.11
2016052404,-.11
2016052405,-.10
2016052406,-.06
2016052407,.01
2016052408,.07
2016052409,.11
2016052410,.17
2016052411,.21
2016052412,.21
2016052413,.21
2016052414,.21
2016052415,.19
2016052416,.16
2016052417,.15
2016052418,.13
2016052419,.12
2016052420,.10
2016052421,.09
2016052422,.08
2016052423,.06
2016052424,.05
2016052501,.04
2016052502,.03
2016052503,.02
2016052504,.01
2016052505,.01
2016052506,.00
2016052507,-.01
2016052508,-.01
2016052509,-.02
2016052510,-.02
2016052511,-.03
2016052512,-.03
2016052513,-.03
2016052514,-.03
2016052515,-.04
2016052516,-.04
2016052517,-.04
2016052518,-.04
2016052519,-.04
2016052520,-.05
2016052521,-.05
2016052522,-.05
2016052523,-.05
2016052524,-.05
2016052601,-.05
2016052602,-.05
2016052603,-.05
2016052604,-.05
2016052605,-.06
2016052606,-.06
2016052607,-.06
2016052608,-.06
2016052609,-.06
2016052610,-.07
2016052611,-.07
2016052612,-.07
2016052613,-.07
2016052614,-.07
2016052615,-.07
2016052616,-.07
2016052617,-.07
2016052618,-.07
2016052619,-.08
2016052620,-.08
2016052621,-.08
2016052622,-.08
2016052623,-.08
2016052624,-.08
2016052701,-.08
2016052702,-.08
2016052703,-.08
2016052704,-.08
2016052705,-.08
2016052706,-.08
2016052707,-.08
2016052708,-.08
2016052709,-.08
2016052710,-.08
2016052711,-.08
2016052712,-.08
2016052713,-.08
2016052714,-.08
2016052715,-.08
2016052716,-.08
2016052717,-.08
2016052718,-.08
2016052719,-.08
2016052720,-.08
2016052721,-.08
2016052722,-.08
2016052723,-.08
2016052724,-.08
2016052801,-.08
2016052802,-.08
2016052803,-.08
2016052804,-.08
2016052805,-.08
2016052806,-.08
2016052807,-.08
2016052808,-.09
2016052809,-.09
2016052810,-.09
2016052811,-.09
2016052812,-.09
2016052813,-.09
2016052814,-.09
2016052815,-.09
2016052816,-.09
2016052817,-.09
2016052818,-.09
2016052819,-.09
2016052820,-.09
2016052821,-.09
2016052822,-.09
2016052823,-.09
2016052824,-.09
2016052901,-.09
2016052902,-.09
2016052903,-.09
2016052904,-.09
2016052905,-.09
2016052906,-.09
2016052907,-.09
2016052908,-.09
2016052909,-.10
2016052910,-.10
2016052911,-.10
2016052912,-.10
2016052913,-.10
2016052914,-.10
2016052915,-.10
2016052916,-.10
2016052917,-.10
2016052918,-.10
2016052919,-.10
2016052920,-.10
2016052921,-.10
2016052922,-.10
2016052923,-.10
2016052924,-.10
2016053001,-.10
2016053002,-.10
2016053003,-.10
2016053004,-.10
2016053005,-.10
2016053006,-.10
2016053007,-.10
2016053008,-.10
2016053009,-.10
2016053010,-.10
2016053011,-.10
2016053012,-.11
2016053013,-.11
2016053014,-.11
2016053015,-.11
2016053016,-.11
2016053017,-.11
2016053018,-.11
2016053019,-.11
2016053020,-.11
2016053021,-.11
2016053022,-.11
2016053023,-.11
2016053024,-.11
2016053101,-.11
2016053102,-.11
2016053103,-.11
2016053104,-.11
2016053105,-.11
2016053106,-.11
2016053107,-.11
2016053108,-.11
2016053109,-.11
2016053110,-.11
2016053111,-.12
2016053112,-.12
2016053113,-.12
2016053114,-.12
2016053115,-.12
2016053116,-.12
2016053117,-.12
2016053118,-.12
2016053119,-.12
2016053120,-.12
2016053121,-.12
2016053122,-.12
2016053123,-.12
2016053124,-.12
2016060101,-.12
2016060102,-.12
2016060103,-.12
2016060104,-.12
2016060105,-.12
2016060106,-.12
2016060107,-.12
2016060108,-.12
2016060109,-.12
2016060110,-.12
2016060111,-.12
2016060112,-.12
2016060113,-.13
2016060114,-.13
2016060115,-.13
2016060116,-.13
2016060117,-.13
2016060118,-.13
2016060119,-.13
2016060120,-.13
2016060121,-.13
2016060122,-.13
2016060123,-.13
2016060124,-.13
2016060201,-.13
2016060202,-.13
2016060203,-.13
2016060204,-.13
2016060205,-.13
2016060206,-.13
2016060207,-.13
2016060208,-.13
2016060209,-.13
2016060210,-.13
2016060211,-.13
2016060212,-.13
2016060213,-.13
2016060214,-.13
2016060215,-.13
2016060216,-.13
2016060217,-.13
2016060218,-.14
2016060219,-.14
2016060220,-.14
2016060221,-.14
2016060222,-.14
2016060223,-.14
2016060224,-.14
2016060301,-.14
2016060302,-.14
2016060303,-.14
2016060304,-.14
2016060305,-.14
2016060306,-.14
2016060307,-.14
2016060308,-.14
2016060309,-.14
2016060310,-.14
2016060311,-.14
2016060312,-.14
2016060313,-.14
2016060314,-.14
2016060315,-.15
2016060316,-.15
2016060317,-.15
2016060318,-.15
2016060319,-.15
2016060320,-.15
2016060321,-.15
2016060322,-.15
2016060323,-.15
2016060324,-.15
2016060401,-.15
2016060402,-.15
2016060403,-.15
2016060404,-.15
2016060405,-.15
2016060406,-.15
2016060407,-.15
2016060408,-.15
2016060409,-.15
2016060410,-.15
2016060411,-.15
2016060412,-.15
2016060413,-.15
2016060414,-.15
2016060415,-.15
2016060416,-.15
2016060417,-.15
2016060418,-.15
2016060419,-.15
2016060420,-.15
2016060421,-.15
2016060422,-.15
2016060423,-.15
2016060424,-.15
2016060501,-.15
2016060502,-.15
2016060503,-.15
2016060504,-.15
2016060505,-.15
2016060506,-.15
2016060507,-.15
2016060508,-.15
2016060509,-.15
2016060510,-.15
2016060511,-.15
2016060512,-.15
2016060513,-.15
2016060514,-.15
2016060515,-.15
2016060516,-.15
2016060517,-.15
2016060518,-.15
2016060519,-.15
2016060520,-.15
2016060521,-.15
2016060522,-.15
2016060523,-.15
2016060524,-.15
2016060601,-.15
2016060602,-.15
2016060603,-.15
2016060604,-.15
2016060605,-.15
2016060606,-.15
2016060607,-.15
2016060608,-.15
2016060609,-.15
2016060610,-.15
2016060611,-.15
2016060612,-.15
2016060613,-.16
2016060614,-.16
2016060615,-.16
2016060616,-.16
2016060617,-.16
2016060618,-.16
2016060619,-.16
2016060620,-.16
2016060621,-.16
2016060622,-.16
2016060623,-.16
2016060624,-.16
2016060701,-.16
2016060702,-.16
2016060703,-.16
2016060704,-.16
2016060705,-.16
2016060706,-.16
2016060707,-.16
2016060708,-.16
2016060709,-.16
2016060710,-.16
2016060711,-.16
2016060712,-.16
2016060713,-.16
2016060714,-.16
2016060715,-.16
2016060716,-.16
2016060717,-.16
2016060718,-.16
2016060719,-.16
2016060720,-.16
2016060721,-.16
2016060722,-.16
2016060723,-.16
2016060724,-.16
2016060801,-.16
2016060802,-.16
2016060803,-.16
2016060804,-.16
2016060805,-.16
2016060806,-.16
2016060807,-.16
2016060808,-.16
2016060809,-.16
2016060810,-.16
2016060811,-.16
2016060812,-.17
2016060813,-.17
2016060814,-.17
2016060815,-.17
2016060816,-.17
2016060817,-.17
2016060818,-.17
2016060819,-.17
2016060820,-.17
2016060821,-.17
2016060822,-.17
2016060823,-.17
2016060824,-.17
2016060901,-.17
2016060902,-.17
2016060903,-.17
2016060904,-.17
2016060905,-.17
2016060906,-.17
2016060907,-.17
2016060908,-.17
2016060909,-.17
2016060910,-.17
2016060911,-.17
2016060912,-.17
2016060913,-.17
2016060914,-.18
2016060915,-.18
2016060916,-.18
2016060917,-.18
2016060918,-.18
2016060919,-.18
2016060920,-.18
2016060921,-.18
2016060922,-.18
2016060923,-.18
2016060924,-.18
2016061001,-.18
2016061002,-.18
2016061003,-.18
2016061004,-.18
2016061005,-.18
2016061006,-.18
2016061007,-.18
2016061008,-.18
2016061009,-.18
2016061010,-.18
2016061011,-.18
2016061012,-.18
2016061013,-.18
2016061014,-.18
2016061015,-.18
2016061016,-.18
2016061017,-.19
2016061018,-.19
2016061019,-.19
2016061020,-.19
2016061021,-.19
2016061022,-.19
2016061023,-.19
2016061024,-.19
2016061101,-.19
2016061102,-.19
2016061103,-.19
2016061104,-.19
2016061105,-.19
2016061106,-.19
2016061107,-.19
2016061108,-.19
2016061109,-.19
2016061110,-.19
2016061111,-.19
2016061112,-.19
2016061113,-.19
2016061114,-.19
2016061115,-.19
2016061116,-.19
2016061117,-.19
2016061118,-.19
2016061119,-.19
2016061120,-.19
2016061121,-.18
2016061122,-.18
2016061123,-.18
2016061124,-.18
2016061201,-.15
2016061202,-.14
2016061203,-.08
2016061204,-.03
2016061205,-.03
2016061206,-.03
2016061207,-.02
2016061208,-.02
2016061209,-.02
2016061210,-.02
2016061211,-.02
2016061212,-.03
2016061213,-.04
2016061214,-.05
2016061215,-.06
2016061216,-.07
2016061217,-.08
2016061218,-.08
2016061219,-.09
2016061220,-.10
2016061221,-.10
2016061222,-.11
2016061223,-.11
2016061224,-.11
2016061301,-.11
2016061302,-.12
2016061303,-.12
2016061304,-.12
2016061305,-.12
2016061306,-.12
2016061307,-.12
2016061308,-.13
2016061309,-.13
2016061310,-.13
2016061311,-.13
2016061312,-.14
2016061313,-.14
2016061314,-.14
2016061315,-.14
2016061316,-.14
2016061317,-.14
2016061318,-.14
2016061319,-.14
2016061320,-.14
2016061321,-.14
2016061322,-.14
2016061323,-.14
2016061324,-.14
2016061401,-.14
2016061402,-.14
2016061403,-.14
2016061404,-.14
2016061405,-.14
2016061406,-.14
2016061407,-.14
2016061408,-.14
2016061409,-.14
2016061410,-.14
2016061411,-.15
2016061412,-.15
2016061413,-.15
2016061414,-.15
2016061415,-.15
2016061416,-.15
2016061417,-.15
2016061418,-.15
2016061419,-.15
2016061420,-.15
2016061421,-.15
2016061422,-.15
2016061423,-.15
2016061424,-.15
2016061501,-.15
2016061502,-.15
2016061503,-.15
2016061504,-.15
2016061505,-.15
2016061506,-.15
2016061507,-.15
2016061508,-.15
2016061509,-.13
2016061510,-.11
2016061511,-.08
2016061512,-.07
2016061513,-.07
2016061514,-.07
2016061515,-.07
2016061516,-.06
2016061517,-.05
2016061518,-.03
2016061519,.00
2016061520,.02
2016061521,.02
2016061522,.02
2016061523,.03
2016061524,.03
2016061601,.03
2016061602,.03
2016061603,.03
2016061604,.02
2016061605,.01
2016061606,.00
2016061607,-.01
2016061608,-.02
2016061609,-.03
2016061610,-.03
2016061611,-.04
2016061612,-.04
2016061613,-.05
2016061614,-.05
2016061615,-.06
2016061616,-.06
2016061617,-.06
2016061618,-.07
2016061619,-.07
2016061620,-.08
2016061621,-.08
2016061622,-.08
2016061623,-.09
2016061624,-.09
2016061701,-.09
2016061702,-.09
2016061703,-.09
2016061704,-.10
2016061705,-.10
2016061706,-.10
2016061707,-.10
2016061708,-.10
2016061709,-.10
2016061710,-.10
2016061711,-.11
2016061712,-.11
2016061713,-.11
2016061714,-.11
2016061715,-.12
2016061716,-.12
2016061717,-.12
2016061718,-.12
2016061719,-.12
2016061720,-.12
2016061721,-.12
2016061722,-.12
2016061723,-.12
2016061724,-.12
2016061801,-.12
2016061802,-.12
2016061803,-.12
2016061804,-.13
2016061805,-.13
2016061806,-.13
2016061807,-.13
2016061808,-.13
2016061809,-.13
2016061810,-.13
2016061811,-.13
2016061812,-.14
2016061813,-.14
2016061814,-.14
2016061815,-.14
2016061816,-.14
2016061817,-.14
2016061818,-.14
2016061819,-.14
2016061820,-.14
2016061821,-.14
2016061822,-.14
2016061823,-.14
2016061824,-.14
2016061901,-.14
2016061902,-.14
2016061903,-.14
2016061904,-.14
2016061905,-.14
2016061906,-.14
2016061907,-.14
2016061908,-.14
2016061909,-.14
2016061910,-.15
2016061911,-.15
2016061912,-.15
2016061913,-.15
2016061914,-.15
2016061915,-.15
2016061916,-.15
2016061917,-.15
2016061918,-.15
2016061919,-.15
2016061920,-.15
2016061921,-.15
2016061922,-.15
2016061923,-.15
2016061924,-.15
2016062001,-.15
2016062002,-.15
2016062003,-.15
2016062004,-.15
2016062005,-.15
2016062006,-.15
2016062007,-.15
2016062008,-.15
2016062009,-.15
2016062010,-.15
2016062011,-.15
2016062012,-.15
2016062013,-.15
2016062014,-.16
2016062015,-.16
2016062016,-.16
2016062017,-.16
2016062018,-.16
2016062019,-.16
2016062020,-.16
2016062021,-.16
2016062022,-.16
2016062023,-.16
2016062024,-.16
2016062101,-.16
2016062102,-.16
2016062103,-.16
2016062104,-.16
2016062105,-.16
2016062106,-.16
2016062107,-.16
2016062108,-.16
2016062109,-.16
2016062110,-.16
2016062111,-.16
2016062112,-.16
2016062113,-.16
2016062114,-.16
2016062115,-.16
2016062116,-.16
2016062117,-.16
2016062118,-.16
2016062119,-.16
2016062120,-.16
2016062121,-.16
2016062122,-.16
2016062123,-.16
2016062124,-.16
2016062201,-.16
2016062202,-.16
2016062203,-.16
2016062204,-.16
2016062205,-.16
2016062206,-.16
2016062207,-.16
2016062208,-.16
2016062209,-.16
2016062210,-.16
2016062211,-.16
2016062212,-.16
2016062213,-.16
2016062214,-.16
2016062215,-.11
2016062216,.02
2016062217,.17
2016062218,.17
2016062219,.14
2016062220,.08
2016062221,.03
2016062222,.01
2016062223,.00
2016062224,-.02
2016062301,-.03
2016062302,-.05
2016062303,-.06
2016062304,-.07
2016062305,-.08
2016062306,-.09
2016062307,-.09
2016062308,-.10
2016062309,-.10
2016062310,-.11
2016062311,-.11
2016062312,-.11
2016062313,-.12
2016062314,-.12
2016062315,-.12
2016062316,-.12
2016062317,-.12
2016062318,-.12
2016062319,-.13
2016062320,-.13
2016062321,-.13
2016062322,-.13
2016062323,-.13
2016062324,-.13
2016062401,-.13
2016062402,-.13
2016062403,-.13
2016062404,-.13
2016062405,-.13
2016062406,-.13
2016062407,-.13
2016062408,-.13
2016062409,-.13
2016062410,-.13
2016062411,-.13
2016062412,-.13
2016062413,-.13
2016062414,-.13
2016062415,-.13
2016062416,-.13
2016062417,-.13
2016062418,-.13
2016062419,-.13
2016062420,-.13
2016062421,-.13
2016062422,-.13
2016062423,-.13
2016062424,-.13
2016062501,-.13
2016062502,-.13
2016062503,-.13
2016062504,-.13
2016062505,-.13
2016062506,-.13
2016062507,-.13
2016062508,-.13
2016062509,-.13
2016062510,-.13
2016062511,-.13
2016062512,-.13
2016062513,-.13
2016062514,-.13
2016062515,-.13
2016062516,-.13
2016062517,-.13
2016062518,-.13
2016062519,-.13
2016062520,-.13
2016062521,-.13
2016062522,-.13
2016062523,-.13
2016062524,-.13
2016062601,-.13
2016062602,-.13
2016062603,-.13
2016062604,-.13
2016062605,-.14
2016062606,-.14
2016062607,-.14
2016062608,-.14
2016062609,-.14
2016062610,-.14
2016062611,-.14
2016062612,-.14
2016062613,-.15
2016062614,-.15
2016062615,-.15
2016062616,-.15
2016062617,-.15
2016062618,-.15
2016062619,-.15
2016062620,-.15
2016062621,-.15
2016062622,-.15
2016062623,-.15
2016062624,-.15
2016062701,-.15
2016062702,-.15
2016062703,-.15
2016062704,-.15
2016062705,-.15
2016062706,-.15
2016062707,-.15
2016062708,-.15
2016062709,-.15
2016062710,-.15
2016062711,-.15
2016062712,-.15
2016062713,-.15
2016062714,-.16
2016062715,-.16
2016062716,-.16
2016062717,-.16
2016062718,-.16
2016062719,-.16
2016062720,-.16
2016062721,-.16
2016062722,-.16
2016062723,-.16
2016062724,-.16
2016062801,-.16
2016062802,-.16
2016062803,-.16
2016062804,-.16
2016062805,-.16
2016062806,-.16
2016062807,-.16
2016062808,-.16
2016062809,-.16
2016062810,-.16
2016062811,-.16
2016062812,-.16
2016062813,-.16
2016062814,-.16
2016062815,-.16
2016062816,-.16
2016062817,-.17
2016062818,-.17
2016062819,-.17
2016062820,-.17
2016062821,-.17
2016062822,-.17
2016062823,-.17
2016062824,-.17
2016062901,-.17
2016062902,-.17
2016062903,-.17
2016062904,-.17
2016062905,-.17
2016062906,-.17
2016062907,-.17
2016062908,-.17
2016062909,-.17
2016062910,-.17
2016062911,-.17
2016062912,-.15
2016062913,-.16
2016062914,-.16
2016062915,-.17
2016062916,-.17
2016062917,-.17
2016062918,-.17
2016062919,-.17
2016062920,-.17
2016062921,-.17
2016062922,-.17
2016062923,-.17
2016062924,-.17
2016063001,-.17
2016063002,-.17
2016063003,-.17
2016063004,-.17
2016063005,-.17
2016063006,-.17
2016063007,-.17
2016063008,-.17
2016063009,-.17
2016063010,-.17
2016063011,-.17
2016063012,-.17
2016063013,-.17
2016063014,-.17
2016063015,-.17
2016063016,-.17
2016063017,-.17
2016063018,-.17
2016063019,-.17
2016063020,-.17
2016063021,-.17
2016063022,-.17
2016063023,-.17
2016063024,-.17
